id,price
6735,
48105,
49587,
6209,
22723,
20849,
36560,
27791,
52712,
47734,
33792,
39319,
10441,
26232,
53256,
53151,
5876,
44589,
22480,
32340,
42611,
20258,
12047,
15655,
19906,
35258,
50335,
2300,
48905,
12475,
37551,
4596,
24359,
32014,
28722,
50832,
10826,
19276,
25057,
717,
31665,
49996,
3131,
45692,
4023,
49120,
19548,
52200,
31330,
20143,
49466,
47338,
25523,
9853,
21126,
31615,
37743,
17928,
53158,
42164,
8129,
40398,
38350,
48486,
16443,
32457,
53387,
45598,
2219,
22796,
5011,
1020,
27636,
20206,
17509,
36331,
11964,
33384,
46966,
19372,
13085,
23668,
45510,
40233,
51287,
6843,
15761,
51654,
9613,
3508,
41144,
16772,
50760,
44873,
5370,
12188,
8067,
17103,
30639,
44379,
14040,
27772,
7498,
22486,
2763,
46690,
2314,
14591,
42344,
48206,
22546,
40638,
21017,
39685,
38406,
48976,
38347,
29911,
40422,
2703,
9673,
43276,
22788,
44260,
15685,
22830,
6798,
43089,
28717,
8473,
5961,
13468,
40752,
4788,
14341,
4534,
44935,
27593,
37623,
24109,
3665,
36592,
48987,
1822,
9218,
23180,
41166,
9679,
14997,
29923,
11622,
52609,
26767,
2679,
2401,
35571,
30741,
30747,
32884,
47605,
29045,
23697,
32786,
40912,
4173,
42754,
22818,
11903,
32920,
10711,
1908,
11047,
19468,
40072,
6137,
37069,
7474,
27623,
24286,
2269,
26843,
6893,
37277,
33937,
39348,
37671,
777,
24058,
1147,
34794,
8689,
49786,
40504,
38322,
31043,
28965,
50678,
38130,
20145,
50259,
32750,
24652,
51602,
20693,
23749,
30795,
42323,
41780,
53597,
34734,
14241,
29773,
47313,
31731,
5679,
20466,
21643,
9478,
5367,
28969,
24300,
47973,
51877,
9941,
38351,
19305,
44226,
20485,
26881,
47067,
32276,
33569,
51274,
32159,
22482,
47275,
5512,
9999,
47718,
7470,
26606,
10574,
50063,
28947,
30251,
29869,
5316,
18198,
22444,
46639,
39941,
52225,
38296,
50482,
29566,
7720,
35338,
19262,
3798,
11212,
42674,
31406,
38844,
27073,
45618,
38343,
35896,
20199,
44717,
23826,
26139,
30971,
48785,
38616,
29695,
20141,
16539,
28698,
43841,
37956,
19457,
42879,
12337,
32972,
40613,
37698,
45822,
50069,
49708,
15832,
6167,
7305,
52706,
22042,
18297,
29880,
32308,
28815,
46855,
24032,
1420,
13079,
34356,
44685,
31385,
26721,
6027,
26016,
37720,
11306,
24497,
11124,
34812,
607,
26597,
10074,
23788,
50504,
23308,
33210,
224,
4123,
34392,
22492,
8574,
23157,
26809,
21696,
46242,
32960,
43897,
23033,
6391,
15717,
13323,
12925,
43627,
17113,
48548,
36073,
51103,
17789,
23380,
31356,
25571,
14033,
13759,
51560,
21243,
2126,
15333,
33988,
20040,
8728,
17788,
4156,
43475,
52808,
6348,
40040,
3690,
42701,
9292,
26819,
2105,
42981,
6271,
43393,
35739,
47667,
16846,
6839,
4678,
32514,
29184,
43432,
49544,
47791,
45695,
12118,
30089,
18875,
35891,
12445,
14889,
6762,
46640,
8579,
17890,
50886,
9306,
8191,
34008,
23051,
51756,
23998,
49646,
4307,
36846,
49601,
44214,
37811,
27661,
28880,
52767,
31708,
11955,
52893,
42573,
2630,
12103,
3498,
8342,
35766,
50426,
31152,
32325,
16649,
15184,
35021,
41857,
17963,
39463,
9232,
8002,
36972,
3751,
34693,
38291,
7007,
8862,
44298,
13650,
50619,
9976,
51640,
44824,
26607,
14706,
23071,
47937,
341,
49978,
18327,
11625,
6933,
23449,
14217,
27836,
36927,
37944,
43506,
5920,
3612,
35203,
19894,
32426,
35582,
34737,
43864,
46985,
53810,
122,
28711,
36618,
43688,
20817,
16101,
2723,
5710,
11609,
20654,
13267,
34001,
38218,
2518,
46202,
33119,
53261,
11474,
53806,
50836,
53474,
48257,
45583,
34666,
46097,
13389,
7797,
32300,
27618,
32304,
22598,
17010,
22144,
8576,
21866,
1564,
41537,
2838,
49537,
198,
929,
4805,
45386,
18710,
18157,
42307,
7385,
4833,
43904,
27398,
47918,
20665,
40055,
16382,
27241,
33994,
87,
44558,
23464,
11476,
48373,
28202,
14488,
7001,
8152,
24970,
26771,
24750,
33040,
8893,
23223,
36078,
47829,
38474,
24138,
26569,
1351,
38681,
19940,
48723,
47511,
5931,
26519,
4757,
643,
40316,
17750,
44125,
26761,
5027,
14966,
48191,
8732,
51834,
16869,
36322,
48706,
43254,
47607,
513,
18598,
26215,
18210,
15936,
19951,
25045,
24903,
23092,
2212,
48056,
48297,
25713,
33221,
48332,
12687,
33683,
7159,
8617,
10035,
4155,
27876,
27303,
42001,
32447,
9393,
45493,
22431,
5850,
19399,
27847,
48493,
51436,
340,
27728,
26893,
27361,
7982,
9182,
13491,
44052,
28041,
6207,
46661,
20890,
51398,
35026,
13812,
23387,
53506,
24945,
21745,
17474,
14389,
20226,
11497,
51598,
24612,
35954,
48398,
37689,
21382,
49059,
15751,
49456,
49044,
31277,
32728,
38412,
32375,
26880,
37487,
5538,
21222,
33674,
4184,
38040,
52102,
3891,
44195,
11496,
36234,
4874,
13816,
13352,
5535,
33027,
47951,
18591,
29986,
44818,
49438,
31129,
24134,
22543,
32476,
549,
24099,
13056,
40465,
18579,
47334,
17,
25228,
24026,
43091,
34208,
12718,
42995,
33157,
175,
5551,
41291,
15464,
17074,
4773,
42919,
4842,
4107,
12150,
35283,
44242,
10893,
51775,
4294,
24256,
11573,
1622,
2399,
34684,
50846,
48674,
30250,
16652,
59,
46234,
3517,
25349,
2512,
49489,
22850,
47226,
6968,
20685,
20045,
508,
10934,
50515,
14264,
34245,
8227,
52415,
31046,
5929,
32119,
9964,
39807,
33857,
12731,
30370,
39614,
27122,
31242,
23266,
17225,
26,
33593,
4571,
51531,
44238,
13289,
41986,
34006,
38479,
14918,
33741,
35878,
51184,
24627,
27693,
18964,
28683,
7361,
53038,
30489,
37051,
48109,
26591,
13606,
616,
10088,
29563,
43724,
43366,
43537,
49221,
10930,
36867,
52324,
43279,
45518,
32203,
41983,
33414,
26963,
40673,
14867,
8346,
42256,
2395,
260,
53179,
26699,
31303,
32682,
6656,
5641,
49351,
36356,
37085,
9541,
29873,
33623,
12936,
8310,
37824,
30282,
13672,
21173,
4930,
32644,
34140,
32746,
34306,
17084,
8806,
9022,
33489,
35391,
6668,
40611,
50647,
14773,
8959,
34010,
19726,
13383,
43748,
15262,
10892,
37849,
33149,
52649,
50676,
44939,
32799,
35143,
39602,
42462,
42692,
35451,
8785,
32538,
52864,
31587,
2977,
24428,
38578,
12442,
43517,
29816,
4296,
15283,
23929,
1085,
24360,
44205,
6530,
47198,
9505,
12849,
3764,
28400,
32323,
1482,
3526,
24157,
35684,
43577,
35393,
45755,
42292,
39610,
15311,
47638,
6688,
27937,
23419,
18254,
37722,
39130,
49663,
52250,
10392,
45832,
1598,
19565,
1162,
32838,
46488,
28408,
1773,
53320,
21938,
30809,
4854,
43995,
17164,
40342,
3156,
22621,
2354,
30473,
1105,
18824,
44497,
32249,
47056,
22892,
39481,
16390,
48593,
2852,
19646,
469,
30847,
23509,
40054,
17772,
23368,
9039,
36668,
31642,
2895,
25652,
53529,
48341,
31262,
13530,
52809,
39958,
34311,
51606,
44062,
53772,
11106,
51490,
14464,
1076,
20638,
13152,
15987,
12680,
35655,
49763,
26157,
46004,
42212,
7000,
2781,
7222,
36091,
34478,
14162,
30609,
36181,
35448,
34154,
20595,
22920,
25609,
47672,
6633,
21428,
31052,
34821,
20124,
39846,
44246,
22555,
22226,
6710,
10943,
40637,
23803,
9835,
25871,
5880,
25990,
40872,
5526,
37414,
40669,
27579,
49278,
15441,
53625,
19836,
10084,
37737,
17752,
37056,
45915,
51394,
13268,
53384,
11823,
51002,
40832,
46871,
18535,
16738,
5903,
19953,
22962,
21433,
48125,
33432,
52311,
27552,
11967,
17377,
9538,
51970,
30540,
4257,
13519,
30670,
49502,
41338,
24257,
23042,
41731,
48781,
39670,
21002,
2431,
30226,
46229,
45974,
28464,
14324,
14206,
12002,
6092,
14338,
4126,
49571,
38998,
34164,
24037,
27501,
4001,
51299,
6352,
24582,
40632,
5618,
4279,
16561,
8205,
51642,
38839,
6428,
18838,
11404,
46440,
42115,
13527,
17824,
21216,
5228,
16572,
28150,
22991,
11764,
31682,
35764,
13641,
44864,
31107,
10054,
22449,
48313,
41159,
30087,
20838,
45988,
41602,
42815,
51013,
29067,
49022,
18397,
49048,
11465,
3515,
31940,
45471,
52810,
29011,
28012,
49035,
49404,
16379,
5051,
34922,
23722,
3149,
30440,
53393,
53463,
32489,
51049,
31982,
47184,
8282,
17673,
30816,
30316,
14776,
1846,
6130,
24569,
13418,
19557,
49873,
33033,
28080,
38368,
32896,
11050,
13434,
2853,
41041,
11370,
51037,
16490,
25901,
53036,
8211,
47664,
18903,
7443,
39438,
51201,
35216,
45505,
1884,
53300,
21985,
25346,
10209,
52428,
37286,
44123,
10918,
38197,
15492,
38584,
39446,
36720,
16863,
48961,
42924,
1883,
30196,
4553,
25475,
52482,
23587,
38203,
43158,
46882,
50630,
21723,
52683,
3229,
46935,
20152,
9422,
39912,
49057,
35986,
27327,
29842,
49935,
12540,
33262,
23605,
40078,
23924,
13791,
34785,
18270,
32422,
36801,
42805,
31100,
192,
23649,
4782,
8507,
7212,
50915,
45204,
52563,
51470,
52032,
47175,
11009,
8936,
53219,
28377,
1466,
22636,
4730,
32283,
34758,
12898,
19696,
10923,
43042,
23874,
48786,
34817,
19763,
27789,
51931,
44915,
24502,
42372,
10221,
14318,
24813,
34784,
49515,
36389,
50004,
26291,
37656,
11737,
16934,
27734,
22774,
10281,
18629,
39316,
9233,
30357,
38321,
19395,
43667,
29844,
46082,
37200,
5643,
39663,
7310,
6245,
33240,
14921,
5546,
401,
35813,
24808,
38776,
125,
28755,
24434,
16833,
19213,
49528,
23840,
4253,
11932,
1945,
301,
36799,
33394,
44742,
30299,
53149,
22916,
45521,
17281,
46469,
26817,
45732,
19676,
16724,
9601,
17684,
49634,
40623,
27498,
45699,
13331,
27626,
36676,
40066,
2469,
50108,
8520,
40966,
36495,
13713,
34118,
52016,
52480,
34399,
5654,
32745,
14565,
19927,
47341,
37360,
52848,
44825,
47508,
40721,
14484,
20587,
1676,
19163,
20723,
23657,
49443,
2944,
26642,
44895,
20862,
16661,
46101,
32307,
34302,
7204,
30696,
50872,
22765,
41850,
22133,
3785,
15587,
38468,
37090,
36619,
45803,
35563,
44635,
50810,
48685,
18599,
36065,
33999,
38631,
39883,
39924,
52972,
36892,
12211,
32829,
12396,
41480,
53132,
32370,
49807,
29099,
30385,
44584,
37434,
1488,
26702,
8632,
23202,
51630,
15394,
39246,
16363,
44073,
3755,
5416,
45177,
2799,
41826,
2091,
22200,
40470,
36768,
48803,
11588,
18852,
38707,
37936,
47465,
6962,
3704,
22940,
15084,
27710,
9370,
31915,
15029,
5141,
46790,
38724,
1286,
13494,
21301,
49080,
29276,
3210,
45268,
18039,
41576,
53111,
9949,
52926,
26708,
40356,
40485,
51649,
29635,
40389,
43185,
52592,
7199,
44365,
1909,
31007,
42601,
2479,
7939,
32518,
4767,
28783,
49200,
3976,
8854,
41560,
7328,
22523,
37440,
12888,
51362,
28319,
36256,
30811,
12212,
53536,
28350,
48557,
5558,
32814,
32550,
38751,
38811,
5540,
29126,
3430,
52294,
15111,
36089,
44845,
20914,
14904,
31694,
9957,
39735,
33597,
48369,
34624,
17286,
30551,
49323,
13374,
37651,
1419,
9990,
3179,
47994,
11066,
21072,
39102,
28334,
42516,
4491,
37079,
3034,
31255,
28124,
10729,
2461,
11222,
194,
33749,
12518,
31931,
30764,
5477,
21236,
39955,
6604,
23312,
32027,
41411,
36906,
1301,
44676,
40515,
41384,
19259,
32160,
45033,
15022,
2264,
25741,
12924,
25963,
45835,
39280,
28651,
53670,
23723,
28495,
13215,
36530,
30626,
42652,
5473,
36230,
23046,
46909,
39044,
21275,
32149,
48422,
33213,
4896,
52495,
52984,
30687,
46209,
15730,
33927,
52726,
17896,
34048,
4610,
36283,
17745,
52166,
52096,
3803,
28524,
30470,
22407,
8843,
20853,
48801,
21128,
22559,
11598,
22403,
13981,
46584,
47030,
41422,
17655,
29123,
49095,
6418,
30806,
3542,
34031,
19438,
36937,
28145,
33350,
37922,
17469,
38167,
6600,
20895,
22615,
15356,
8304,
9119,
41078,
1249,
23655,
22539,
10791,
3170,
9786,
35841,
12345,
232,
17398,
15620,
9374,
12973,
37137,
37133,
27256,
5656,
359,
33396,
11648,
24081,
44319,
4387,
46599,
27529,
30277,
44119,
24533,
4024,
856,
4059,
8006,
29012,
48130,
21501,
44426,
47500,
13645,
39185,
45425,
23400,
46802,
20151,
5088,
24025,
34947,
43983,
30838,
7412,
32206,
35900,
5426,
45479,
19199,
8101,
40866,
44925,
3065,
46038,
6313,
22960,
53116,
41056,
17981,
37734,
51322,
12189,
48492,
785,
9117,
25024,
34537,
26302,
50926,
47155,
9532,
48158,
52084,
24518,
16741,
49194,
10472,
42364,
1365,
9814,
29020,
39494,
43687,
51725,
27997,
26007,
31225,
31617,
18224,
37585,
44519,
37320,
47780,
20854,
529,
3567,
44751,
29633,
51680,
7398,
45790,
17954,
12222,
42252,
44811,
2402,
6801,
37725,
45111,
30152,
3494,
31297,
4924,
35605,
49635,
49614,
3514,
41811,
13173,
15411,
19190,
26530,
1695,
10775,
43647,
45141,
18371,
19081,
6438,
28432,
8433,
19596,
170,
27504,
23381,
47432,
9222,
40205,
32477,
14537,
40793,
32,
16364,
42557,
9354,
11518,
4973,
8845,
40393,
10951,
26630,
28777,
21179,
46945,
16961,
35289,
25180,
33085,
34129,
37909,
6637,
50608,
11523,
41439,
31775,
11120,
28650,
2651,
708,
9845,
43661,
15339,
35846,
48100,
28805,
22868,
6124,
2279,
15041,
37719,
12421,
1787,
21752,
35190,
16770,
29074,
22025,
15915,
4464,
18745,
483,
36292,
44066,
49883,
31912,
41521,
4638,
25543,
18406,
18546,
43483,
36036,
49021,
39076,
6116,
6058,
12022,
52461,
15083,
49088,
18724,
1217,
40971,
35091,
42452,
51612,
5752,
26650,
31951,
2904,
11791,
36673,
41393,
11419,
20592,
23748,
31383,
25344,
22989,
37232,
50869,
7137,
19237,
6789,
47371,
51882,
33703,
14415,
48621,
648,
14443,
19829,
8700,
6465,
5213,
38043,
4088,
40447,
48576,
40443,
46518,
46784,
14817,
26946,
43616,
16345,
40587,
49628,
39753,
12590,
13102,
44587,
22794,
39457,
44308,
7873,
8484,
22395,
23685,
41445,
42551,
2257,
48969,
24848,
21646,
14793,
21166,
40749,
19888,
50690,
26947,
5169,
23203,
21773,
335,
35617,
3735,
28089,
40755,
50008,
25377,
23252,
42726,
46647,
37650,
19837,
15181,
31282,
15233,
12183,
53159,
11095,
8262,
53157,
32963,
36579,
13472,
15709,
40769,
23689,
38710,
10652,
45136,
49362,
16533,
50541,
31654,
47870,
19146,
51677,
30951,
12911,
42246,
44638,
36304,
19889,
49752,
17837,
19730,
6132,
4539,
29392,
33531,
31801,
805,
29568,
29627,
36288,
53448,
31453,
4703,
43597,
5897,
25540,
631,
31588,
50685,
24367,
22363,
1526,
22880,
13326,
52704,
35383,
32413,
24347,
22224,
50814,
26008,
49777,
35230,
30153,
35690,
16266,
12730,
47583,
20959,
18016,
13108,
30098,
9888,
42407,
12514,
3676,
25770,
6925,
7054,
9125,
42626,
21931,
45703,
2023,
35604,
22450,
2223,
45819,
7645,
37504,
21925,
34999,
26115,
298,
23604,
27559,
42911,
31319,
21023,
4199,
1061,
50279,
17549,
13958,
20625,
11986,
17827,
9241,
4672,
21372,
45460,
29305,
35611,
47882,
2086,
23658,
30295,
1873,
35402,
33357,
45813,
14322,
38659,
19616,
49514,
15091,
51162,
38153,
52134,
42745,
5906,
11064,
53514,
31857,
52763,
22287,
36094,
35267,
30605,
24530,
13820,
43382,
38495,
52142,
22262,
27714,
9764,
39332,
27439,
36116,
35999,
30029,
11594,
18686,
53722,
39161,
18264,
11444,
27312,
18166,
48629,
27191,
21522,
48343,
38467,
10725,
28479,
16504,
24809,
16042,
39089,
34562,
40695,
21483,
21260,
52318,
45542,
2321,
10709,
24159,
48307,
12056,
33051,
11890,
37950,
9215,
51382,
47207,
34081,
44687,
21049,
47982,
15965,
11649,
27134,
49811,
10304,
11310,
44131,
5864,
3447,
27538,
15849,
24610,
30698,
14274,
35332,
3327,
18545,
36198,
4537,
52314,
45481,
29196,
31795,
46651,
25191,
1072,
27305,
14296,
22035,
9794,
21462,
50802,
14823,
19119,
40079,
52185,
17531,
36486,
46541,
22664,
41946,
193,
34945,
35147,
12980,
49543,
28535,
41243,
53496,
11851,
5499,
4371,
43652,
12142,
34265,
9145,
27267,
4898,
3813,
47649,
7796,
9052,
32117,
41765,
20267,
3619,
48977,
44451,
45051,
51593,
37123,
52639,
18456,
46356,
9284,
19349,
26902,
50644,
4050,
39485,
10919,
12785,
21481,
52390,
3232,
6392,
15036,
52719,
46817,
50912,
51800,
39615,
52607,
24255,
29964,
29339,
45718,
21036,
1282,
39561,
19084,
6541,
33832,
19250,
34235,
45836,
21627,
28804,
15513,
33012,
38716,
2656,
12315,
21546,
26940,
26404,
45358,
34839,
7289,
9326,
50667,
21895,
25574,
32350,
25941,
51447,
28843,
20338,
42104,
15750,
29234,
53465,
33599,
35366,
17395,
10346,
34725,
6416,
12713,
38262,
52860,
52006,
30755,
16454,
22889,
42227,
42225,
20002,
154,
6402,
53245,
46220,
36767,
11871,
17137,
8182,
15905,
42074,
21130,
14639,
46293,
17761,
52748,
638,
12913,
30728,
1190,
49001,
5484,
279,
478,
51445,
23887,
17287,
47373,
26866,
50275,
43894,
3953,
38106,
47698,
35673,
28645,
41140,
52691,
48907,
47854,
20610,
19381,
41097,
39909,
36169,
29059,
15327,
16567,
22218,
53613,
16630,
15676,
37682,
11838,
45012,
47714,
2711,
47053,
15721,
43996,
46581,
9661,
9598,
47772,
34271,
49765,
51006,
51624,
12176,
8841,
21018,
30620,
13236,
32433,
49015,
15896,
3586,
700,
39439,
32136,
1661,
24348,
46180,
51392,
2664,
25403,
6433,
28582,
17956,
53210,
28642,
10268,
9151,
35074,
32801,
44085,
32451,
52081,
49943,
23781,
35875,
7369,
45229,
39681,
43434,
17519,
26096,
46952,
14325,
28071,
44137,
19714,
31134,
28157,
22930,
19790,
42093,
3683,
2493,
23043,
20472,
42444,
13274,
43074,
41187,
18103,
12733,
36962,
34070,
31101,
8188,
45724,
28017,
42318,
2724,
48128,
25781,
34179,
34891,
23372,
23560,
4811,
43745,
391,
48169,
12658,
49191,
48306,
12096,
13317,
16509,
41285,
10182,
48096,
3112,
26964,
45126,
20888,
49626,
29654,
17939,
35649,
9084,
3085,
21469,
12751,
19178,
22754,
51187,
7027,
32125,
5985,
27861,
38574,
7542,
22065,
35642,
46957,
44709,
48543,
7950,
23713,
37924,
18517,
3115,
31525,
39364,
41457,
18905,
16629,
18266,
6635,
5547,
25164,
48089,
8871,
46066,
51547,
27493,
9421,
34390,
26752,
45543,
41077,
42321,
3714,
34837,
8895,
2685,
14327,
50661,
28172,
11760,
19867,
36603,
45731,
36680,
21286,
12740,
1000,
13021,
47390,
28463,
6749,
51575,
1008,
20339,
13512,
36341,
18375,
18117,
45726,
42685,
18982,
32982,
9307,
30545,
5757,
30879,
1708,
26023,
25139,
53493,
53311,
17780,
7908,
19978,
13734,
50769,
43446,
8347,
18130,
4267,
20694,
9027,
15318,
6071,
45684,
41011,
10556,
5860,
45576,
10314,
47212,
40910,
24478,
28244,
35306,
36610,
20940,
40420,
36919,
9180,
47930,
24911,
7657,
49445,
28444,
41931,
5202,
29605,
12005,
39682,
45317,
49516,
28870,
25187,
48744,
47471,
17905,
32558,
33084,
2689,
18657,
40198,
24075,
7236,
51773,
31013,
53364,
5817,
3613,
15993,
3987,
7042,
47448,
42201,
5297,
14848,
51115,
4844,
18079,
16918,
35079,
48030,
19330,
53241,
31394,
50243,
5578,
7312,
23461,
38686,
46167,
18793,
28254,
16423,
26231,
45523,
19917,
4894,
45467,
34352,
17576,
36497,
12509,
435,
34634,
45105,
44951,
5201,
1590,
8056,
43108,
16619,
53907,
23588,
45076,
53553,
36549,
28023,
2697,
13830,
11160,
18738,
45009,
22322,
42772,
28996,
37009,
8419,
20470,
12039,
18144,
2281,
48087,
29577,
37795,
44477,
30434,
2605,
575,
24943,
26342,
29831,
6891,
21246,
24363,
14666,
44148,
18873,
46122,
27720,
40183,
49522,
47444,
52216,
25533,
16771,
28939,
21257,
23819,
6808,
15687,
9939,
38561,
41797,
19653,
44731,
6875,
36823,
19409,
47535,
18148,
19798,
35146,
50746,
26671,
11461,
3134,
6424,
5780,
2548,
35797,
47021,
15935,
45690,
37850,
53334,
39052,
21597,
40461,
3040,
786,
53078,
25107,
42398,
42904,
46799,
42447,
40230,
46254,
33302,
17393,
21570,
34117,
11747,
14730,
7488,
23962,
22075,
27920,
29555,
41995,
24731,
31172,
12572,
7379,
46336,
27005,
41837,
35156,
49773,
25273,
1633,
23494,
52064,
8096,
13307,
24938,
34193,
4579,
12228,
23591,
38790,
28387,
19576,
24059,
27283,
9335,
40221,
37545,
20373,
48339,
14849,
1816,
15907,
33482,
23598,
33594,
43464,
35904,
23273,
20835,
37412,
38012,
37679,
24389,
26796,
16752,
53171,
1382,
29209,
36734,
37210,
35902,
22230,
28988,
48064,
47316,
27176,
31492,
45747,
1018,
37919,
30596,
28743,
17184,
19420,
18908,
39856,
47027,
34475,
28391,
25660,
41635,
3434,
9727,
20013,
7153,
51780,
3649,
43678,
15215,
32034,
7265,
41001,
18588,
47913,
37823,
36679,
31739,
9494,
52072,
30848,
33152,
15230,
52538,
37959,
15299,
18145,
36620,
45930,
22209,
19361,
22593,
48860,
36361,
37101,
29376,
39646,
45878,
47633,
17776,
1509,
19332,
16599,
6053,
7632,
40225,
34815,
5570,
53365,
13750,
217,
28497,
39141,
26894,
50563,
28526,
50498,
2984,
49458,
23154,
47370,
15800,
45545,
6194,
17697,
3058,
31601,
11690,
3032,
11207,
46183,
52328,
18253,
5721,
31324,
4093,
34921,
20519,
12982,
3518,
34560,
18429,
20268,
39587,
27805,
22719,
15285,
27517,
29532,
10180,
1025,
46378,
17176,
8702,
2196,
20384,
8857,
1906,
31280,
46161,
29909,
25454,
26009,
33580,
32428,
44280,
19210,
17717,
51747,
17306,
27433,
35358,
45343,
40516,
52535,
41508,
19401,
53665,
44220,
39406,
17952,
5184,
20142,
22825,
30185,
37998,
51120,
22836,
13450,
14474,
41027,
50472,
45933,
2065,
26168,
27724,
45295,
26238,
51772,
25933,
43005,
43171,
32730,
16077,
440,
16829,
14864,
45061,
21188,
7618,
16739,
33532,
45379,
31174,
51148,
26677,
27752,
15592,
28203,
10704,
43154,
52575,
10708,
36301,
5536,
36325,
21439,
26789,
29047,
29470,
34064,
4972,
31017,
8061,
47469,
42791,
48830,
14199,
6685,
38248,
51486,
52694,
15123,
8267,
44025,
46792,
20489,
12343,
2436,
26841,
5274,
39095,
13772,
15967,
42071,
22786,
22342,
19473,
16967,
23903,
52109,
8414,
31522,
8842,
27542,
53844,
29935,
12762,
38292,
18753,
5967,
22122,
41870,
40761,
26474,
50944,
34417,
22454,
19182,
44033,
26140,
50783,
38876,
2980,
15295,
45756,
5770,
42419,
41740,
187,
1416,
27625,
1108,
47247,
52962,
28737,
3420,
12341,
1793,
6628,
45468,
3298,
53287,
15601,
5667,
26824,
14012,
7753,
8278,
39588,
21807,
45071,
41969,
28635,
37007,
21790,
13879,
9428,
41908,
15725,
43936,
37250,
40724,
46429,
44909,
28826,
23608,
25023,
2608,
10487,
48938,
6321,
40085,
18201,
35445,
36543,
27592,
36268,
10635,
36296,
220,
41662,
26290,
20087,
15985,
53276,
52818,
25940,
23988,
52144,
14460,
14931,
24607,
32398,
50149,
3216,
40894,
8093,
27413,
34087,
10147,
16917,
47293,
36521,
20193,
5767,
51172,
43915,
25317,
9606,
34114,
44769,
10580,
25961,
7300,
36074,
13504,
42376,
7905,
52647,
5176,
48956,
41437,
25953,
10736,
2291,
7867,
7987,
9441,
39330,
48694,
25618,
1218,
2024,
22498,
24968,
6581,
47686,
32971,
34157,
35709,
46424,
43436,
2476,
50718,
7040,
7061,
34513,
26214,
32423,
7320,
39235,
23648,
10533,
40263,
53747,
50106,
33356,
40364,
15480,
32469,
941,
39293,
36143,
7296,
3274,
1118,
13736,
13714,
28960,
20108,
6006,
17860,
7526,
14961,
35940,
43546,
6262,
4190,
23293,
38636,
44423,
16914,
38171,
47065,
36827,
39506,
34047,
39870,
7472,
43271,
21929,
6218,
48525,
27946,
17791,
6922,
17637,
27391,
34459,
51616,
35329,
20449,
35832,
45247,
34692,
40727,
39003,
11180,
20034,
31646,
49954,
1857,
33631,
8898,
6377,
8545,
42985,
28990,
27352,
32641,
15255,
22586,
50531,
2777,
47010,
43470,
7761,
40545,
35186,
4557,
35151,
38492,
48838,
15399,
6007,
22692,
31121,
15240,
49792,
18739,
3720,
50629,
44273,
27405,
34718,
8902,
22416,
52043,
35750,
32305,
28357,
53471,
96,
45339,
52773,
45414,
17483,
48606,
3303,
35724,
40058,
13604,
22396,
53672,
7243,
35107,
24200,
9449,
32701,
5543,
18441,
32811,
46612,
26409,
13972,
14024,
37437,
11540,
53758,
38267,
53936,
42801,
26813,
365,
11455,
50521,
50141,
21827,
11281,
17736,
33513,
6751,
5181,
36160,
34525,
33982,
36561,
44632,
10061,
532,
8791,
52135,
50993,
4532,
16273,
25753,
41206,
18735,
10719,
27786,
43551,
111,
11048,
12362,
24629,
47137,
3419,
32767,
21939,
32711,
22630,
7349,
25244,
36312,
721,
15633,
39969,
26463,
29603,
53579,
8652,
8083,
40640,
25278,
22549,
40104,
46573,
9769,
8914,
8465,
6501,
26441,
1011,
7435,
52555,
52769,
34284,
22360,
44061,
47989,
3802,
46641,
35640,
4402,
34558,
5905,
41270,
31339,
8624,
13442,
27695,
36171,
44847,
39009,
25337,
46740,
32043,
29380,
40333,
21650,
8541,
44984,
22985,
12253,
28813,
8483,
19724,
46514,
51786,
40424,
1560,
50624,
47796,
29569,
7143,
5719,
36536,
30567,
21648,
23048,
48101,
14703,
10902,
21232,
19030,
25739,
10694,
50463,
16033,
3081,
44098,
36468,
6948,
1345,
29914,
39138,
30135,
45475,
40697,
18191,
27684,
19844,
39429,
37441,
280,
49014,
48333,
27143,
6743,
47985,
41130,
44971,
29832,
14368,
44299,
20988,
2943,
24746,
8553,
37249,
17550,
53935,
45028,
28660,
9732,
31267,
38486,
50908,
13819,
24421,
53275,
32402,
32021,
2458,
26405,
29877,
32416,
1614,
41726,
10222,
43319,
33654,
52999,
33786,
34456,
19599,
18252,
50997,
35164,
51544,
31469,
41428,
11808,
7481,
23211,
1752,
27458,
43769,
45693,
49439,
28486,
1635,
48103,
48783,
43564,
22319,
30125,
24145,
23691,
51951,
29837,
50545,
36137,
40075,
27155,
26132,
39119,
29172,
44204,
15630,
41549,
3120,
754,
34912,
40842,
13737,
18524,
4758,
42518,
2927,
37247,
28706,
36338,
28119,
15082,
26366,
30907,
4504,
7449,
25378,
36631,
28841,
5800,
30751,
25947,
46291,
41990,
42214,
22884,
21948,
51319,
16359,
9265,
5044,
19987,
25416,
3425,
45143,
44830,
597,
41869,
34332,
48469,
22781,
37378,
47022,
14684,
35040,
37150,
33242,
6382,
30684,
10374,
34267,
34723,
24125,
7585,
18874,
18031,
21340,
22081,
28226,
11592,
7723,
36271,
45458,
45225,
28286,
46808,
38628,
34806,
46907,
48028,
1252,
4378,
32991,
1631,
20695,
10600,
51020,
52642,
31762,
41736,
4500,
41179,
51641,
17351,
2381,
23531,
49164,
16872,
42220,
10291,
3669,
32075,
793,
53015,
20657,
50574,
13715,
17167,
25920,
51687,
945,
8394,
10325,
24082,
10369,
50353,
17179,
19810,
49097,
47349,
30465,
4770,
22000,
13319,
11866,
24602,
48900,
21957,
39633,
20901,
51771,
45011,
50490,
38454,
38743,
46771,
51516,
43359,
44660,
28795,
44903,
2516,
38517,
10320,
14267,
5674,
45029,
29192,
26917,
16881,
17426,
27164,
44179,
47375,
38325,
25993,
43349,
13869,
35119,
1083,
47538,
30650,
30530,
26990,
47899,
13707,
8573,
52579,
21772,
14212,
6292,
35298,
46310,
37296,
33036,
17757,
14437,
51506,
43696,
4330,
17779,
15261,
47886,
15581,
30655,
8171,
3198,
29659,
23416,
26957,
12014,
8972,
8386,
19444,
5756,
19334,
45354,
42676,
44008,
1776,
11032,
48137,
52403,
15505,
34159,
1569,
8351,
37853,
5968,
49835,
43847,
3635,
49264,
29709,
1854,
3454,
3283,
47315,
24267,
684,
23526,
13969,
21234,
36053,
5408,
42880,
39991,
26080,
30763,
37785,
26074,
45060,
809,
24744,
41704,
17915,
40674,
14561,
22578,
37860,
28985,
27894,
12044,
24886,
5120,
42740,
11942,
33346,
41429,
46999,
48749,
26830,
38401,
41271,
40430,
47269,
24904,
30573,
11215,
30707,
37465,
38005,
16594,
45299,
22473,
32828,
43830,
19659,
39948,
32472,
14499,
43638,
19508,
12714,
48609,
18605,
46859,
50272,
6657,
22647,
32737,
29049,
16302,
49257,
32582,
33056,
15827,
38764,
4195,
42952,
36959,
12134,
20626,
52031,
4084,
52115,
16883,
11865,
45112,
4760,
28306,
45778,
41713,
16460,
9212,
32827,
23450,
46842,
30466,
29776,
22655,
52277,
14830,
17068,
37559,
6585,
2591,
42206,
32898,
32475,
18401,
26770,
51313,
41626,
31455,
47295,
865,
29495,
5324,
41618,
22702,
40494,
45818,
38827,
14198,
40850,
12893,
8748,
26134,
25934,
8980,
2175,
3733,
34500,
48810,
51282,
13308,
42326,
50972,
40744,
25301,
2470,
44616,
6238,
12146,
5625,
18183,
40994,
19935,
20215,
18532,
11510,
8207,
35636,
39708,
19772,
10361,
48933,
9592,
13531,
10817,
37024,
3180,
49232,
21387,
7483,
19329,
52779,
8477,
15310,
26938,
27763,
47563,
15865,
16879,
52490,
28802,
14969,
33498,
26059,
7032,
51948,
25631,
33907,
47193,
47032,
35054,
53367,
36915,
19156,
27582,
38375,
51075,
34900,
2662,
25542,
8063,
21274,
43068,
21747,
27385,
49388,
18799,
6566,
28061,
15972,
39806,
28682,
50204,
69,
7897,
523,
14179,
45166,
26804,
10349,
11,
117,
50601,
41028,
35437,
40797,
50930,
16026,
23820,
13669,
13451,
51958,
37581,
13564,
25366,
1442,
35125,
42957,
23940,
33980,
42337,
43090,
21983,
16028,
45830,
29015,
50193,
11853,
7589,
14575,
11626,
11669,
50556,
31618,
47068,
47392,
16117,
53026,
27395,
20805,
8766,
42020,
26248,
1936,
37121,
8308,
7242,
8840,
1765,
45635,
32262,
34059,
44337,
44836,
50323,
39152,
41148,
983,
32110,
19274,
46785,
15088,
31711,
50168,
24678,
12404,
42443,
39720,
730,
47196,
48615,
36559,
8287,
43964,
31261,
40077,
45103,
52825,
53836,
35243,
6477,
48258,
48145,
52205,
11505,
22063,
9681,
367,
10174,
16663,
863,
7577,
23167,
9584,
42178,
7597,
42537,
19187,
50403,
21626,
24326,
10518,
27177,
30918,
9954,
10829,
32598,
6013,
33956,
53403,
30944,
16272,
24036,
32651,
51252,
36487,
3840,
28834,
17463,
40285,
25134,
33839,
34663,
34060,
49612,
30022,
43142,
33438,
46728,
44317,
6486,
5899,
1227,
2364,
34321,
8631,
34742,
15258,
8015,
24540,
44236,
9619,
16447,
5360,
27989,
45098,
8894,
15850,
6225,
13456,
41651,
12852,
37587,
22351,
28793,
12091,
2367,
23438,
7293,
90,
53523,
12359,
37485,
26812,
21490,
13376,
47503,
46416,
3889,
29297,
30549,
30176,
13213,
8335,
2142,
4082,
43741,
2610,
47993,
32222,
2481,
6958,
39276,
43703,
45326,
42875,
5787,
35310,
16660,
12656,
47145,
51982,
17149,
32904,
41203,
50719,
34927,
35557,
3052,
14718,
45430,
3994,
28666,
28714,
44333,
44672,
8322,
13945,
42712,
23756,
30705,
22276,
7891,
28522,
13524,
10991,
18460,
36916,
22748,
53812,
13638,
37128,
45055,
6906,
47119,
7350,
36992,
17918,
53703,
15151,
36324,
38053,
35224,
27243,
34116,
52348,
12223,
18477,
34000,
19144,
8390,
33815,
26122,
26724,
32731,
13421,
7396,
32523,
44675,
40985,
9147,
45937,
1361,
50104,
44856,
27181,
51971,
23029,
48273,
14272,
39775,
30745,
48367,
33369,
26499,
15690,
49855,
19760,
40915,
4448,
10324,
41175,
11112,
36593,
36694,
53846,
30456,
26401,
28677,
24266,
16150,
32470,
2846,
39876,
18837,
23140,
28886,
34355,
47434,
15994,
2594,
8931,
42421,
44642,
4360,
30211,
22210,
16854,
25215,
45581,
43205,
31178,
27229,
45963,
12548,
27394,
36456,
42353,
47954,
42051,
42204,
52322,
42644,
28630,
33954,
51432,
52515,
31875,
44084,
14028,
13966,
13493,
10215,
51291,
23520,
12884,
10703,
45274,
25491,
29751,
33381,
37192,
51830,
39848,
33175,
17405,
33052,
25443,
30866,
50200,
47144,
46178,
3468,
29204,
8915,
5480,
10593,
20285,
7364,
12587,
15021,
12311,
21688,
26491,
17138,
16726,
34783,
29613,
33846,
32878,
20191,
36651,
48604,
50269,
46513,
31971,
9155,
26138,
48588,
32649,
41449,
27837,
7192,
319,
34713,
12216,
14998,
5668,
52364,
5257,
24857,
42528,
36964,
35229,
18869,
50635,
43238,
6602,
24604,
22448,
50312,
51353,
7478,
33912,
11311,
30092,
21572,
24646,
23249,
20344,
46491,
22643,
31015,
4287,
10602,
20067,
17737,
39623,
37328,
23068,
41751,
28553,
46949,
3900,
6811,
20533,
39476,
24748,
17769,
52973,
39687,
11602,
16385,
37988,
44345,
26173,
47326,
4647,
41645,
46187,
10744,
44905,
41921,
30414,
45515,
22822,
2178,
52266,
6448,
45502,
13448,
45831,
42058,
18721,
35029,
7480,
20121,
35439,
48628,
49043,
44822,
39544,
37059,
43501,
1880,
49839,
22597,
52990,
12669,
8789,
53669,
53645,
571,
39474,
1299,
26063,
3213,
47304,
31556,
29158,
24753,
32485,
20534,
20411,
30749,
1725,
43110,
39777,
3789,
1353,
5527,
10339,
3074,
17638,
12275,
50368,
30366,
35178,
4049,
16009,
24172,
35352,
27653,
44142,
33207,
47593,
43425,
47976,
46968,
26659,
35093,
30507,
23830,
5094,
27911,
49586,
25852,
17121,
49346,
47669,
42614,
1291,
2717,
34651,
39545,
999,
29515,
27261,
4349,
3975,
3123,
52160,
6033,
53346,
5166,
38402,
10906,
27021,
10040,
27470,
1691,
41899,
2931,
17877,
19241,
25738,
517,
25224,
33362,
20763,
30761,
15675,
23226,
15196,
46548,
36219,
12451,
21138,
35242,
50324,
17624,
50897,
15764,
9656,
5402,
17122,
41121,
25698,
5904,
23047,
8117,
20223,
26919,
7102,
48947,
19331,
409,
456,
15718,
51665,
47687,
6524,
13588,
51366,
30103,
18138,
2511,
17467,
37129,
18950,
7029,
20791,
12717,
1031,
41468,
52030,
7777,
50298,
24043,
19902,
11813,
460,
19507,
21900,
21905,
6783,
20643,
46214,
38596,
43677,
25014,
3188,
2979,
26637,
4091,
48383,
13070,
8225,
26511,
50001,
45272,
21512,
29499,
32068,
30671,
35049,
50441,
5098,
32031,
26050,
23349,
29098,
9825,
28530,
52510,
11631,
44459,
45774,
16834,
42887,
35194,
27767,
44116,
33156,
36761,
35209,
25786,
43573,
39920,
48567,
21231,
7258,
53509,
40197,
13855,
47844,
18243,
37810,
26665,
29552,
15567,
53521,
29945,
44330,
23004,
53286,
11099,
437,
13984,
1791,
16140,
35066,
2519,
18785,
40589,
48246,
44127,
37048,
11194,
5154,
9787,
42871,
1611,
8264,
11875,
37209,
45489,
17199,
11563,
26483,
53060,
1261,
36907,
12598,
42834,
31233,
24650,
22114,
12399,
30319,
23771,
40633,
23118,
12040,
40362,
2172,
4167,
25848,
45171,
10123,
28267,
6102,
50411,
42052,
1012,
29765,
47516,
24072,
37120,
36806,
53522,
15634,
21964,
48598,
36646,
36965,
3800,
45912,
23908,
53756,
33512,
28641,
31754,
25746,
1713,
858,
38313,
40653,
7095,
3057,
26064,
47990,
42783,
28031,
49856,
51696,
20176,
23918,
47612,
32061,
21357,
4726,
41369,
17440,
48990,
34231,
18831,
14348,
6009,
4014,
28741,
31122,
716,
53055,
45733,
35858,
48986,
8450,
6815,
7768,
45398,
25209,
28563,
39407,
13011,
16514,
3368,
10116,
11528,
12987,
44210,
18611,
23527,
3352,
31573,
41258,
37463,
27244,
36602,
51269,
35737,
27819,
39029,
44303,
28293,
18277,
7885,
3996,
39530,
23496,
49373,
51393,
17778,
6998,
41886,
21663,
5666,
43112,
6719,
6462,
22164,
2561,
11481,
13946,
26371,
31719,
19952,
31176,
2533,
39065,
2351,
40608,
38877,
44041,
2312,
30261,
14525,
42882,
52005,
2305,
17050,
14570,
30169,
10643,
25862,
15250,
4929,
29745,
28901,
30045,
27234,
51264,
21224,
52975,
14290,
34899,
38224,
33073,
36180,
41779,
22994,
33423,
7735,
26656,
6793,
21045,
38979,
38706,
26738,
34696,
16530,
19649,
14095,
11711,
10672,
36667,
49225,
53655,
11438,
37177,
13846,
50780,
5278,
49136,
50822,
45320,
21131,
889,
51226,
51458,
22105,
13357,
14308,
22006,
19766,
14461,
23114,
51167,
20047,
5287,
27926,
41535,
1230,
41025,
48932,
13471,
5694,
26851,
36794,
30919,
38252,
44467,
51956,
48438,
21963,
36606,
37218,
50002,
7958,
47238,
48981,
18177,
50268,
32640,
20029,
42160,
9080,
27135,
33,
7022,
35946,
10603,
2996,
21206,
4841,
17016,
19814,
49218,
34397,
49581,
22265,
13746,
50265,
44206,
12499,
27569,
27548,
16212,
23090,
9716,
44817,
17798,
50920,
45705,
6,
41831,
46496,
14948,
8247,
38901,
14278,
30232,
42289,
4318,
23630,
21019,
46653,
16622,
3400,
44159,
4319,
14535,
2073,
14678,
24003,
49457,
6915,
27742,
27343,
19926,
42063,
30735,
42343,
32573,
33997,
53013,
52054,
33310,
3373,
29414,
42060,
46141,
47485,
35823,
20317,
34490,
5329,
12586,
4207,
10400,
4821,
41348,
1625,
34313,
31578,
53649,
37740,
20439,
24994,
45793,
48267,
18946,
5714,
2027,
14854,
8005,
34152,
3415,
26672,
1990,
33338,
5486,
13928,
52141,
27796,
10298,
41956,
429,
34424,
46594,
43591,
34769,
20651,
7581,
34203,
37652,
38849,
22542,
627,
118,
31693,
51456,
32146,
28239,
50557,
21831,
34379,
11079,
30432,
19047,
39035,
14596,
34210,
33074,
32871,
47693,
35493,
1208,
14850,
22070,
6474,
24067,
22665,
44814,
20196,
36621,
35993,
8607,
36375,
37205,
36653,
24559,
18326,
45769,
18887,
35452,
46794,
40120,
13295,
21450,
50967,
2256,
17382,
33500,
7643,
2947,
10288,
10935,
34796,
23954,
46978,
43380,
24489,
30691,
23313,
7180,
39143,
33826,
12878,
695,
2937,
36722,
53767,
37641,
18301,
22633,
47250,
41913,
24132,
46290,
23116,
46933,
40807,
35515,
51690,
1265,
28255,
44990,
26833,
16697,
27124,
9299,
47618,
46413,
20110,
39502,
51110,
7868,
33169,
50254,
42399,
29382,
24645,
11435,
20210,
11246,
33711,
41578,
39203,
25336,
45154,
53721,
46296,
10211,
8153,
24919,
26726,
33783,
20779,
11564,
33168,
42039,
28196,
47479,
33161,
45181,
48073,
31315,
46222,
35803,
42360,
28223,
34813,
29807,
26780,
21005,
38434,
9371,
14507,
15053,
3711,
47786,
43308,
14193,
22590,
50688,
38427,
18689,
46043,
26241,
24021,
33656,
12933,
31125,
38154,
15943,
19715,
46005,
2391,
34903,
15639,
8772,
4453,
3223,
33944,
44651,
26737,
24269,
8087,
10803,
39915,
35038,
5199,
10623,
49133,
21493,
30043,
43201,
8277,
31678,
20961,
5728,
44278,
48650,
29113,
23234,
42744,
22410,
51420,
46400,
40232,
19032,
38719,
10431,
10072,
4848,
51556,
27315,
4751,
32277,
42865,
42836,
110,
5007,
40841,
37397,
17639,
3294,
3535,
14052,
15986,
14083,
9470,
49250,
38620,
33941,
48797,
3441,
49375,
44245,
46137,
16952,
13480,
48750,
52777,
36944,
33725,
10250,
11745,
30966,
9857,
10691,
20003,
36286,
43198,
43117,
6689,
45559,
28528,
6823,
34719,
42007,
45164,
43052,
42632,
25849,
8668,
34910,
53875,
48922,
12028,
21936,
12629,
38226,
30480,
33516,
26625,
9608,
44775,
36058,
38672,
7397,
36364,
31974,
10996,
29645,
38550,
11697,
51858,
13452,
14688,
23738,
45366,
1181,
26120,
32531,
42935,
21235,
41519,
37030,
46769,
46841,
22676,
53483,
50203,
32945,
47498,
40319,
34125,
33060,
971,
49425,
15701,
47000,
7853,
38573,
38387,
15508,
16303,
51693,
51310,
49941,
22865,
13804,
30433,
41545,
11827,
23265,
34735,
46115,
6261,
41885,
49081,
26370,
43735,
20395,
19700,
19891,
35835,
41932,
36800,
4111,
43285,
52004,
15577,
49722,
52660,
15742,
27511,
25212,
29974,
553,
13637,
28318,
31048,
17265,
41288,
35979,
37758,
47625,
38959,
604,
27384,
11416,
7399,
42779,
10006,
32804,
47851,
41567,
28341,
34054,
4438,
5074,
16947,
45073,
37162,
48166,
39297,
13058,
32976,
42704,
18390,
10630,
33247,
42684,
45235,
25676,
41269,
5914,
29879,
24729,
34181,
35688,
23747,
12947,
16317,
18503,
52633,
50347,
33536,
50429,
47423,
28910,
40751,
53398,
5607,
45906,
28323,
36661,
44091,
12305,
30078,
31435,
35011,
50638,
38655,
3804,
52982,
50709,
31836,
12483,
33225,
8126,
49853,
25463,
11119,
24335,
34363,
11136,
45258,
25637,
26788,
829,
51059,
16400,
43865,
38738,
34189,
24212,
4728,
52042,
24513,
40209,
23579,
11019,
52391,
2198,
42234,
48300,
35568,
13399,
23194,
50329,
37026,
42564,
5996,
28456,
9966,
5017,
15902,
12352,
40440,
18311,
22929,
4564,
11110,
34760,
48305,
20887,
30425,
34905,
9053,
10728,
37969,
50252,
20011,
52125,
3758,
17443,
3923,
9160,
44005,
40877,
20364,
18760,
17984,
2100,
24771,
34177,
2420,
2628,
34551,
20461,
11483,
7103,
53832,
40152,
3788,
50044,
31114,
30622,
38647,
40661,
16456,
49396,
47998,
33476,
2816,
12856,
15658,
39473,
45452,
12931,
13091,
44341,
51695,
9002,
16435,
50583,
19269,
2429,
7500,
22942,
16336,
43376,
11645,
26459,
45297,
29319,
6229,
16933,
27345,
50505,
9722,
446,
14579,
52213,
53870,
40468,
17868,
50247,
1274,
46600,
42275,
29580,
8753,
43887,
18762,
25580,
51529,
19260,
499,
41093,
9952,
52838,
2294,
28046,
7976,
43728,
13355,
7173,
10645,
36775,
22375,
39122,
32685,
47867,
13695,
43760,
8146,
15693,
45276,
32452,
37353,
21879,
40195,
35545,
14421,
818,
8587,
11452,
4293,
27277,
12238,
39644,
31304,
42842,
31936,
35290,
47337,
47102,
48316,
612,
14694,
5124,
42494,
2434,
47394,
46944,
30070,
17913,
22178,
13668,
31203,
19669,
48890,
47090,
28468,
10058,
1558,
39715,
53911,
13203,
40112,
30668,
33600,
4690,
35041,
45740,
38328,
12677,
4498,
49332,
30490,
23136,
44271,
20969,
31527,
51878,
13676,
17258,
6934,
3584,
22599,
49554,
43403,
24658,
43076,
47306,
39711,
12249,
38691,
12209,
51986,
14050,
11399,
9395,
957,
27930,
52956,
24107,
10681,
34167,
48292,
41561,
37700,
27829,
38366,
9289,
16288,
9255,
7609,
12053,
47492,
17544,
49419,
32142,
44726,
40590,
14407,
23922,
2860,
47740,
51483,
42371,
35378,
5717,
18080,
39684,
50819,
49117,
48387,
4523,
44404,
10327,
40813,
2644,
39789,
37401,
31331,
23473,
43471,
30197,
49802,
7522,
50015,
50109,
32091,
7009,
4236,
46940,
42741,
51505,
21657,
43008,
29736,
4975,
11836,
7283,
49629,
40860,
30172,
13709,
32759,
49416,
19492,
27610,
32917,
2155,
39069,
27604,
1374,
12356,
1070,
51763,
29168,
21565,
22257,
2233,
24918,
39037,
26270,
22638,
6921,
50458,
21480,
23828,
21776,
40675,
52176,
42254,
15156,
21554,
36358,
53700,
20928,
48839,
27211,
10806,
52272,
2373,
19374,
26307,
38531,
34679,
25530,
20576,
35202,
46438,
3466,
12909,
52181,
53372,
37370,
17312,
46194,
34878,
25348,
14472,
45658,
6855,
27157,
16361,
9491,
14614,
21801,
21897,
29506,
32090,
30564,
32010,
45881,
12204,
17361,
26959,
39917,
53059,
40732,
53244,
12870,
49637,
9922,
45750,
53587,
48927,
30399,
33861,
151,
12823,
38899,
22577,
8478,
51097,
24828,
32182,
33673,
34201,
8192,
45329,
35244,
29799,
34885,
14369,
48696,
11935,
38405,
11200,
50262,
8218,
17157,
49017,
31032,
48433,
8106,
23845,
53427,
21343,
15213,
11170,
49682,
33979,
36245,
47345,
18363,
33030,
26520,
39192,
31539,
13397,
43159,
1156,
49867,
47286,
23617,
30680,
4435,
51582,
47151,
15684,
13535,
9249,
41034,
32015,
38730,
51974,
3097,
45090,
18372,
278,
12177,
40338,
37364,
19353,
15475,
12963,
36346,
24329,
14607,
2090,
11691,
42394,
40375,
25331,
23827,
24768,
32351,
7628,
2094,
30859,
38050,
2603,
41971,
28045,
9298,
44486,
38439,
52315,
48772,
7970,
16678,
32873,
33171,
1016,
33720,
23902,
10522,
40249,
13458,
48712,
10226,
35219,
24029,
52582,
52370,
50321,
15984,
20813,
32556,
14345,
46474,
15337,
11290,
1357,
5321,
29503,
14337,
10614,
53444,
51390,
6388,
41021,
533,
892,
45857,
36904,
2231,
18890,
46163,
46041,
7845,
21733,
49825,
3634,
19720,
12978,
31868,
50827,
882,
12950,
11044,
29781,
38634,
42529,
19231,
23506,
50334,
30307,
28656,
23201,
21881,
27036,
51621,
52048,
35481,
25084,
1887,
27698,
38338,
36639,
43881,
12398,
42185,
4120,
17173,
50014,
37848,
40972,
1285,
1277,
1658,
11447,
3413,
26254,
21293,
35539,
10891,
34428,
13436,
36873,
14089,
53612,
34256,
2701,
36730,
28903,
20175,
53485,
7729,
6536,
5815,
53720,
46150,
29102,
46865,
14963,
20603,
41727,
7896,
25718,
36471,
39516,
36554,
16766,
44714,
33003,
45169,
41109,
34036,
29576,
36223,
30322,
49986,
53000,
18312,
12092,
35570,
16529,
31778,
14979,
16625,
41062,
53380,
3882,
10145,
30702,
5718,
51136,
6972,
13538,
31159,
24439,
13611,
25538,
31816,
11633,
48721,
36441,
39634,
50047,
20712,
16632,
5021,
24611,
51021,
11273,
22022,
33054,
38927,
30354,
19961,
9807,
14901,
27863,
51407,
52120,
7701,
38782,
33368,
2926,
42143,
41444,
10428,
4260,
39750,
31509,
7154,
9906,
34037,
35903,
2809,
47233,
16644,
52858,
45426,
34467,
6563,
36464,
12614,
28434,
23384,
4783,
46311,
49937,
35168,
38430,
22028,
16405,
21305,
52170,
11177,
42877,
26663,
24049,
45014,
2666,
46680,
25389,
43768,
21280,
14796,
23183,
16662,
19704,
46386,
20714,
12271,
35762,
8782,
40385,
31610,
31869,
39860,
38235,
34819,
3913,
6699,
14015,
519,
49058,
10743,
23715,
22720,
41080,
28449,
40662,
19384,
850,
15878,
37236,
5022,
15844,
22304,
25114,
3672,
16144,
15786,
26749,
52018,
8,
7106,
14417,
1197,
39929,
13483,
4807,
28510,
7104,
24663,
16185,
5560,
43002,
7122,
51919,
33790,
30802,
40554,
45062,
42978,
50054,
45544,
18822,
27878,
15703,
26831,
21687,
1964,
9375,
49510,
1638,
19835,
17672,
41638,
19465,
31148,
15292,
37107,
11531,
52760,
30058,
33669,
7917,
11411,
46511,
4701,
15460,
22537,
23975,
28952,
36693,
36347,
25219,
20146,
42570,
35713,
6283,
36948,
23829,
758,
15498,
11162,
52209,
23640,
17166,
24727,
33658,
30862,
24555,
20414,
49452,
21784,
6605,
51854,
8494,
24061,
40254,
8805,
21761,
30740,
17962,
28904,
46374,
14925,
22631,
7572,
6579,
13808,
33771,
19416,
45846,
15893,
50028,
20776,
33758,
5676,
4175,
19984,
5353,
1726,
17917,
16386,
505,
40160,
19170,
35223,
8119,
2814,
21555,
1458,
53821,
43809,
24365,
16800,
32998,
47006,
39079,
20506,
12543,
23375,
8422,
52617,
16073,
14048,
22004,
11333,
33843,
19459,
52917,
37749,
24557,
42724,
22348,
10403,
25005,
36459,
18134,
18242,
24851,
49436,
36862,
35269,
48625,
23619,
21804,
34328,
26332,
45890,
11057,
3412,
12229,
9252,
42269,
1898,
44434,
39831,
38954,
51846,
42808,
1139,
52724,
16419,
5934,
53342,
10418,
24203,
41362,
50225,
52210,
21150,
30955,
49976,
38095,
48473,
29026,
1841,
38295,
26500,
16243,
44241,
40908,
17681,
12688,
11663,
39038,
48637,
53112,
7082,
46232,
25470,
20345,
30314,
35907,
32741,
1511,
2477,
9005,
12293,
47070,
5952,
36622,
53258,
46297,
42853,
35169,
12369,
30837,
7035,
14993,
51196,
39554,
13174,
10607,
35677,
41846,
44016,
33231,
39103,
4837,
36398,
8361,
15444,
21378,
31340,
20883,
37439,
3952,
48025,
14171,
23855,
19096,
3236,
43770,
20266,
30729,
44440,
8084,
37975,
7935,
51708,
23142,
11083,
48189,
18556,
28940,
25468,
25792,
25326,
22233,
53598,
20566,
48217,
662,
38496,
36686,
18743,
32023,
15772,
22758,
13273,
5965,
22476,
23307,
50962,
52850,
39193,
20909,
42250,
1758,
37716,
52287,
39508,
24490,
1119,
25046,
51409,
23174,
10538,
33916,
31224,
42653,
30560,
13205,
21475,
31542,
52190,
23709,
53047,
16104,
33313,
6895,
31491,
20902,
24541,
42796,
42348,
8943,
36426,
49736,
25237,
21658,
50495,
1264,
49977,
5415,
25673,
10490,
21691,
21877,
2772,
7115,
46847,
53349,
28539,
21478,
31133,
47023,
30672,
38329,
44982,
13349,
22843,
2168,
13160,
29917,
49644,
21363,
26869,
21885,
48487,
4000,
36423,
34897,
7763,
34898,
37829,
49885,
38066,
30039,
2994,
38083,
47367,
7151,
50166,
35860,
53264,
50460,
14962,
19159,
16994,
39537,
7507,
32209,
1650,
45817,
15667,
31218,
41822,
39354,
16145,
2348,
6421,
3968,
501,
34529,
43200,
5916,
38229,
52547,
4843,
31728,
21736,
26421,
25004,
18129,
10345,
53479,
23670,
1703,
11062,
52013,
18653,
8585,
33676,
35519,
40114,
1710,
17160,
37993,
28269,
27443,
51576,
43313,
41423,
42312,
20168,
11717,
33794,
50147,
15440,
4215,
16449,
3533,
5012,
10266,
18208,
30005,
7694,
18160,
47222,
5193,
36893,
26695,
32008,
2808,
3766,
41026,
21541,
18930,
8013,
18928,
31821,
53798,
53856,
47728,
40056,
19238,
30719,
35627,
19853,
1485,
3726,
29594,
28537,
39159,
9456,
2812,
3777,
3974,
29803,
29176,
41577,
50076,
36302,
19188,
35941,
20921,
19234,
25529,
33562,
32560,
51469,
18945,
18045,
7233,
47533,
42961,
3662,
8367,
15727,
30677,
20516,
52781,
20832,
6821,
7914,
47909,
18917,
50156,
35191,
29850,
45142,
24969,
15539,
40839,
50532,
34853,
30130,
23629,
45241,
44331,
33223,
37231,
3853,
9442,
47747,
10565,
17341,
35632,
13164,
41018,
30578,
23420,
39520,
53402,
18924,
4283,
738,
28092,
52980,
14675,
48669,
14084,
29610,
51301,
41069,
8127,
9250,
44571,
5439,
34573,
40141,
49318,
38331,
7580,
45751,
29230,
9055,
37878,
16024,
37395,
43700,
11624,
6414,
12351,
462,
7827,
12267,
14397,
19568,
17969,
1362,
25314,
33045,
26573,
17170,
25119,
47046,
46049,
21154,
30429,
10359,
18380,
16734,
24233,
47528,
3295,
20589,
35702,
13823,
37122,
14568,
51399,
7546,
33602,
17770,
24836,
18461,
31199,
26853,
1209,
34836,
7945,
46892,
30577,
47040,
51892,
16409,
52387,
47014,
3019,
3761,
19759,
36853,
48200,
9359,
41318,
8375,
11898,
24874,
16016,
26047,
45567,
4573,
6489,
31059,
15595,
45644,
11441,
43150,
31023,
27954,
9444,
1849,
41158,
16489,
4485,
19657,
2726,
43443,
33868,
39115,
22569,
42118,
36815,
37512,
49000,
27703,
9270,
37801,
16247,
38045,
41598,
28001,
10851,
16765,
47319,
3824,
942,
18716,
34083,
12244,
5085,
45888,
18152,
12242,
49444,
17818,
52584,
11796,
10423,
32836,
14291,
41877,
274,
438,
34811,
16091,
33721,
32278,
137,
52711,
16416,
21539,
29915,
19768,
75,
13126,
51914,
51083,
13536,
14632,
12292,
16287,
24229,
45350,
48353,
28905,
42457,
5957,
47678,
18185,
32521,
7132,
27296,
47974,
27713,
14735,
36999,
16437,
38866,
19682,
48010,
24268,
7821,
37484,
19719,
28114,
2077,
3979,
26201,
26057,
23890,
2061,
1559,
37046,
36770,
18495,
25316,
30041,
13575,
10485,
47866,
30562,
24307,
37614,
10286,
14483,
26685,
25483,
48226,
8120,
5146,
19490,
49391,
398,
25976,
40390,
51880,
14219,
41859,
6144,
38567,
4911,
24985,
38327,
11926,
52794,
26171,
17360,
29539,
42383,
19792,
31565,
17968,
8272,
38349,
41802,
19266,
41075,
30557,
41494,
3256,
13143,
15359,
22649,
50865,
46368,
44988,
6596,
6375,
41555,
30584,
5138,
34747,
1810,
27323,
26496,
40211,
39479,
48936,
17372,
48337,
43204,
5600,
10153,
2456,
390,
8687,
6211,
46338,
53725,
21629,
35319,
42788,
50963,
14774,
6055,
45864,
26390,
4179,
42743,
7405,
11228,
46132,
38907,
20417,
49470,
26205,
23035,
30419,
19922,
37416,
9836,
2527,
53864,
3931,
44617,
41241,
44385,
33143,
36273,
30959,
48682,
1799,
11925,
2013,
36515,
38931,
33411,
7145,
31536,
51941,
13149,
13639,
30861,
11914,
35094,
28002,
44960,
50327,
12093,
44870,
10969,
21580,
34596,
16574,
39904,
26461,
22090,
41665,
35108,
45328,
35778,
10156,
33835,
4033,
39828,
49557,
4809,
5782,
2829,
16008,
4823,
20800,
52477,
13711,
26904,
37326,
1871,
46558,
17870,
38289,
26765,
45506,
26687,
68,
34414,
42625,
42211,
53919,
53609,
17277,
11349,
41388,
36359,
40766,
48556,
45901,
38352,
14801,
45001,
35723,
8453,
40487,
45837,
53317,
52221,
11831,
8032,
3899,
7658,
42190,
38253,
22950,
50241,
32628,
33098,
1425,
15598,
38481,
14265,
30220,
43586,
1121,
48648,
5638,
36774,
25594,
50847,
21194,
5465,
584,
20114,
47435,
53695,
26949,
16835,
43985,
29630,
32546,
23814,
20327,
21088,
4499,
21535,
38643,
28481,
45664,
46831,
22087,
36352,
24116,
44388,
14916,
42154,
25290,
11202,
30443,
15188,
32483,
44414,
19021,
8166,
3949,
2425,
3194,
44072,
50686,
19754,
14907,
43315,
48187,
7454,
21991,
21143,
35287,
46173,
27916,
26072,
14493,
5406,
10865,
8880,
33248,
50803,
19884,
30265,
15614,
31568,
35431,
19462,
5467,
27666,
22726,
30109,
23729,
48288,
36582,
6917,
4216,
15117,
7798,
2132,
299,
8619,
26060,
50891,
42131,
7696,
9649,
20904,
21637,
29155,
19617,
18844,
10508,
8834,
18806,
30953,
39114,
30380,
39986,
11156,
6711,
19202,
18485,
45313,
7714,
46492,
53200,
30600,
2418,
35254,
28448,
42533,
48336,
32047,
49940,
29480,
19856,
19732,
39117,
31965,
3172,
49467,
8059,
12143,
41361,
35251,
6311,
39732,
11369,
42088,
36285,
32536,
53533,
28974,
35958,
4802,
14224,
49395,
7420,
50006,
20433,
9665,
43930,
35016,
18102,
10858,
51600,
34094,
9389,
14037,
17784,
38488,
12036,
50978,
19009,
14545,
29743,
6236,
45433,
53422,
14502,
1856,
46318,
9059,
28447,
22072,
5140,
30943,
4487,
24590,
15307,
27311,
37710,
6675,
9381,
50215,
8741,
40012,
23392,
40009,
38183,
7652,
14376,
49967,
9263,
30610,
38007,
34782,
940,
45783,
22951,
44138,
25972,
9019,
53410,
47082,
21322,
33551,
40680,
23627,
26952,
13320,
6158,
18231,
5205,
47381,
1578,
23185,
38175,
6609,
431,
23242,
28944,
42350,
11386,
16260,
13347,
42216,
14752,
8970,
53002,
49029,
7606,
52817,
5542,
7371,
38545,
52625,
40968,
14964,
19560,
49313,
43305,
3377,
18586,
13072,
15467,
992,
8797,
2234,
50308,
24735,
30358,
30001,
19900,
44774,
12889,
8314,
15169,
20236,
19580,
25233,
44362,
7534,
42138,
13165,
40380,
45770,
40034,
13313,
12102,
30174,
25683,
2487,
48082,
20948,
48660,
42916,
596,
7928,
31976,
47077,
51352,
14388,
30956,
16651,
53405,
33133,
43806,
39852,
17914,
51852,
46354,
46674,
20658,
2280,
31109,
46832,
53497,
45946,
12881,
7118,
2021,
46886,
38653,
30700,
46052,
10130,
53845,
41902,
23821,
10520,
34714,
10342,
51613,
40472,
17762,
13655,
40919,
11088,
29162,
11520,
42283,
17601,
24638,
138,
587,
18569,
30038,
46201,
23615,
13525,
35740,
4764,
31253,
44974,
18417,
16762,
2377,
16520,
48225,
1568,
42472,
40712,
37357,
27185,
39967,
36096,
49717,
10872,
41558,
39548,
24481,
3355,
20162,
16597,
48800,
42215,
20892,
18583,
27450,
28406,
15219,
4927,
28028,
31193,
41300,
13385,
29710,
4772,
9928,
17220,
15860,
9678,
37293,
42140,
21811,
38165,
26679,
12019,
24447,
8927,
32543,
30957,
52698,
2897,
22131,
34660,
18048,
45463,
29330,
13161,
48442,
17305,
29465,
539,
7941,
6000,
2349,
40759,
52688,
19928,
18683,
20253,
33187,
4740,
46112,
22882,
43031,
2313,
20093,
42651,
50673,
33026,
35901,
25876,
46798,
42018,
7849,
2638,
15823,
52934,
43341,
31924,
13170,
5299,
8042,
15035,
23354,
43396,
15128,
29749,
13923,
23058,
7368,
53104,
12557,
15302,
49675,
11145,
12474,
38371,
17830,
5993,
14833,
3843,
9917,
5030,
41669,
7591,
22844,
10065,
17938,
44671,
33264,
30664,
41825,
11225,
43656,
33533,
53667,
17402,
43398,
30027,
22953,
41405,
6415,
9531,
49606,
29215,
7168,
46171,
25915,
49475,
38696,
25420,
39500,
39833,
39496,
16304,
13563,
18761,
9231,
2892,
10189,
35014,
50110,
13449,
45059,
50793,
38232,
36307,
20975,
41210,
21223,
37580,
53089,
15835,
43923,
38516,
27379,
49609,
8644,
5046,
34173,
26751,
32781,
27248,
31228,
31254,
44051,
10632,
41015,
12088,
48405,
12670,
23204,
43225,
18752,
18957,
25854,
44563,
12582,
29322,
52663,
51588,
10467,
21996,
39343,
13000,
1540,
35726,
10616,
9741,
35465,
52560,
22003,
25395,
3948,
52202,
38164,
12880,
16477,
20415,
42787,
35664,
2113,
47856,
28014,
53632,
50696,
22740,
24487,
29486,
41968,
18403,
50101,
27779,
30063,
44198,
43539,
13280,
42189,
19222,
48924,
19799,
4341,
8947,
16388,
15013,
16092,
10142,
31830,
43484,
50295,
41814,
51937,
15969,
4900,
17771,
24797,
43020,
36466,
10802,
26664,
4237,
29446,
46295,
42806,
35926,
23319,
36368,
16349,
14887,
16897,
8557,
8385,
34281,
29813,
12184,
39194,
51028,
11880,
2572,
37908,
30663,
42831,
22284,
44883,
44544,
18302,
13090,
39896,
13118,
16921,
15463,
44542,
34702,
38555,
693,
41868,
33218,
38020,
29343,
30597,
35630,
41525,
39396,
23662,
43613,
46479,
7969,
15423,
28235,
34828,
20690,
42819,
11990,
28097,
2358,
6844,
52201,
31562,
39445,
20313,
43797,
6038,
30498,
1586,
17699,
16044,
43493,
27891,
50914,
39793,
9973,
36782,
46446,
33365,
18194,
14481,
2309,
39543,
9705,
34359,
8415,
4961,
19035,
5461,
50850,
17264,
33929,
6627,
37937,
30044,
42101,
18646,
50364,
41045,
14191,
25286,
14711,
34339,
53763,
5038,
10833,
29448,
37763,
46660,
51036,
22671,
34334,
928,
4776,
4618,
20934,
31313,
8349,
23096,
11269,
41772,
35620,
22490,
46289,
44520,
23663,
52275,
18333,
44094,
27349,
4541,
6899,
32736,
50952,
5573,
35577,
38451,
51733,
53411,
40982,
23396,
21987,
26415,
27675,
32001,
6966,
47343,
53271,
5003,
49079,
12844,
14387,
51646,
23523,
40111,
47590,
35527,
21015,
2569,
25423,
50017,
19909,
11122,
17453,
11547,
48952,
15300,
15679,
24826,
24030,
22700,
6548,
6573,
3890,
49465,
29091,
24923,
29140,
10666,
5762,
27278,
21713,
10895,
921,
39580,
53647,
36054,
18606,
46738,
52440,
52117,
20633,
2869,
41799,
2404,
39559,
51094,
49674,
50586,
50040,
6661,
8611,
49348,
1534,
10078,
36868,
52439,
52249,
43644,
51239,
38664,
42609,
40456,
32482,
39637,
4750,
43611,
21198,
19650,
10864,
140,
18463,
1270,
8699,
22169,
5941,
8621,
37573,
41640,
22656,
24879,
38069,
7179,
11978,
32949,
37222,
31524,
3677,
15459,
45054,
22512,
39528,
47333,
5361,
42886,
28353,
41434,
10217,
40417,
14458,
46542,
30647,
22705,
19311,
25945,
4958,
7564,
50782,
15931,
19289,
15058,
28005,
12167,
34976,
18973,
24129,
3957,
17057,
4062,
10396,
29702,
5567,
30669,
52841,
19924,
24600,
16427,
5029,
9731,
6869,
5854,
14235,
32851,
9967,
53517,
15982,
36189,
34667,
40174,
21266,
30855,
43903,
31650,
26148,
33553,
1535,
9568,
49174,
51255,
17154,
36026,
14268,
14571,
33379,
21530,
45049,
15724,
19425,
16249,
51946,
40145,
22663,
9754,
27793,
48554,
51748,
8618,
46086,
8956,
2315,
31235,
28986,
43073,
29519,
4112,
29675,
41102,
17059,
5651,
37901,
48989,
13172,
35411,
30278,
36492,
3448,
5123,
48974,
39939,
17982,
28871,
24350,
44500,
3988,
33110,
27633,
45653,
25965,
28561,
52528,
25692,
44567,
53671,
50596,
40649,
18423,
5789,
18773,
257,
8155,
18841,
45642,
23099,
38221,
14142,
38896,
14090,
33921,
4426,
39375,
45622,
18956,
36783,
5277,
6284,
33170,
23470,
14727,
51155,
53443,
17993,
37584,
33774,
34458,
27482,
46285,
51262,
10181,
13063,
48535,
9663,
36655,
9701,
9988,
27780,
46824,
46287,
9035,
6289,
34775,
21044,
30945,
40271,
3622,
3225,
40700,
6205,
47864,
19870,
5333,
40484,
43222,
6446,
17001,
28554,
46329,
283,
4144,
3893,
30222,
26943,
6669,
44155,
45786,
50205,
39617,
19989,
32798,
3960,
43009,
35920,
30334,
4193,
47816,
26550,
40619,
43834,
11298,
3145,
47733,
5001,
35250,
27389,
17355,
18678,
39226,
44102,
3253,
6534,
36852,
32056,
37916,
43921,
13549,
51454,
24291,
20252,
52237,
34423,
10698,
16321,
7457,
43919,
7795,
36760,
11169,
7623,
2570,
35820,
38997,
3782,
35868,
2496,
5153,
35716,
22937,
16004,
14186,
35111,
12358,
1372,
26186,
25939,
18862,
16331,
30633,
53723,
5532,
26864,
10333,
17650,
30195,
33624,
47,
24958,
1735,
42221,
46922,
22864,
22156,
20251,
21841,
49280,
17260,
15047,
16569,
43288,
45245,
46635,
29760,
38769,
2254,
22399,
39591,
47671,
30126,
45099,
40505,
3971,
42569,
16046,
15148,
34188,
32459,
20469,
30401,
43813,
17085,
33153,
169,
15763,
34736,
13556,
41852,
49511,
40448,
40297,
12745,
24720,
8567,
20834,
42004,
50778,
36790,
17999,
18510,
31729,
26419,
39360,
45607,
40203,
26965,
46365,
5783,
3644,
35581,
34178,
10406,
51848,
53199,
46366,
3991,
52758,
17712,
12260,
43679,
8100,
16066,
4280,
14946,
38084,
4233,
17665,
8975,
25531,
51121,
23339,
38209,
935,
15071,
15879,
17885,
45218,
30208,
47458,
6380,
3128,
42330,
25656,
35857,
39386,
18354,
32679,
5171,
34574,
7247,
10443,
14726,
8916,
15074,
5913,
52569,
35665,
8373,
15665,
46813,
20942,
26891,
18196,
39701,
33343,
8829,
31211,
46282,
49809,
26083,
44218,
47935,
11538,
6088,
41619,
20159,
1864,
8124,
41067,
40423,
16030,
18823,
6070,
39229,
42437,
46250,
19545,
16025,
1437,
48589,
49784,
4423,
45634,
15914,
4040,
43553,
48371,
6877,
41699,
39906,
16500,
7978,
48038,
40947,
46053,
41999,
34554,
33505,
5056,
38783,
1167,
29104,
26086,
25898,
39041,
46746,
42585,
11969,
15476,
186,
39342,
53528,
13057,
43244,
4627,
34841,
37105,
49360,
8941,
37668,
4628,
1922,
1211,
34635,
52359,
35051,
5283,
24281,
37330,
28465,
38162,
370,
27976,
1525,
32229,
1408,
17391,
29841,
50579,
38537,
329,
13498,
180,
36252,
11751,
43924,
37094,
27616,
18259,
31992,
13197,
53031,
36173,
17080,
30782,
50173,
28193,
44002,
34614,
47409,
14284,
49473,
10283,
45709,
19878,
4278,
48901,
34538,
13041,
33775,
30387,
22923,
10473,
10738,
36049,
20593,
36883,
20825,
16560,
37766,
1923,
15745,
16143,
24472,
39011,
21858,
17615,
47219,
12097,
49030,
32239,
37163,
29808,
28592,
32739,
22311,
35077,
15410,
24208,
36818,
40774,
41890,
53899,
37193,
8661,
44465,
43883,
16214,
12298,
49536,
18998,
40106,
51751,
8237,
31489,
52114,
46196,
43664,
14529,
24456,
29178,
35127,
23497,
33565,
31403,
628,
5143,
53938,
18670,
41399,
780,
20247,
28856,
36656,
32365,
31716,
45886,
31345,
42113,
51943,
19832,
16136,
5862,
26590,
43165,
28844,
29478,
38551,
48285,
28214,
1290,
21308,
23645,
51371,
3538,
37923,
15288,
18997,
24093,
1673,
4639,
25417,
29364,
14300,
23644,
49769,
30599,
17989,
42941,
50788,
21041,
14257,
27584,
3989,
34216,
40900,
25841,
33333,
14261,
35870,
40217,
53188,
2128,
52527,
41853,
30978,
9886,
31538,
22902,
24423,
42086,
49359,
16516,
36523,
29408,
30317,
41896,
34262,
3260,
32471,
38015,
24648,
43457,
44297,
46170,
51965,
41176,
31825,
16737,
18246,
21670,
39135,
51868,
43908,
30077,
20086,
43802,
27895,
26716,
35235,
16860,
10334,
49971,
5927,
1487,
10550,
39054,
27141,
39177,
19522,
44877,
25256,
23555,
19530,
528,
47955,
38987,
43153,
38900,
20403,
21170,
51911,
29415,
6476,
37352,
50890,
49429,
20242,
40241,
50646,
13497,
45533,
5294,
28298,
11109,
43783,
2356,
25680,
37800,
16791,
45289,
50134,
23213,
23766,
12563,
7279,
17326,
34949,
20845,
18083,
38807,
46706,
36215,
36951,
13874,
45077,
29575,
21683,
39471,
38879,
26594,
31526,
47964,
41722,
13880,
23446,
5708,
39985,
10184,
25080,
33879,
44946,
50058,
11121,
6813,
18021,
48345,
35997,
11148,
10562,
22583,
15425,
6039,
7722,
11418,
9813,
38746,
5326,
27358,
53333,
9832,
47975,
41070,
40199,
19304,
38011,
44886,
5081,
15081,
43181,
1913,
34283,
27888,
16979,
1580,
53511,
3970,
37721,
9109,
11618,
48716,
46898,
35485,
13840,
45275,
40118,
32361,
36353,
5949,
49623,
12838,
43316,
10752,
38071,
10051,
49033,
39243,
6299,
3688,
23880,
45185,
10313,
39563,
40394,
23518,
53697,
19691,
15471,
22795,
8675,
42381,
40005,
33595,
47537,
1256,
17021,
4374,
4203,
20308,
1386,
22617,
8454,
38392,
49204,
44103,
33862,
23585,
22635,
14736,
36753,
18970,
10202,
33885,
48948,
20404,
4855,
4675,
32120,
29865,
15820,
18717,
46995,
29114,
37433,
49403,
18026,
27508,
28277,
41047,
18889,
46614,
739,
33989,
14132,
28557,
21090,
474,
42736,
8572,
48853,
37263,
12699,
31669,
984,
47282,
46121,
47862,
33141,
47812,
42845,
10032,
3738,
37678,
17163,
45097,
14756,
39198,
21828,
30492,
7207,
8457,
37385,
26078,
8408,
3661,
14853,
24503,
44263,
19834,
6997,
47701,
16159,
7593,
15521,
23611,
15335,
28888,
44517,
51550,
48715,
9015,
26838,
3633,
42082,
11321,
35955,
5444,
47848,
36746,
52103,
43318,
23984,
53280,
23786,
5180,
14905,
35484,
42852,
22285,
12960,
3532,
14880,
2530,
38244,
25461,
43456,
1196,
8566,
2722,
27331,
28096,
35023,
28311,
33777,
12140,
19339,
2694,
27574,
32189,
33573,
20214,
26494,
5082,
4183,
17521,
11833,
8423,
39709,
20708,
32154,
48260,
37557,
24370,
28606,
38122,
2810,
3984,
11549,
26802,
31223,
47952,
21452,
30887,
7360,
43141,
26135,
42541,
19036,
29040,
24971,
2952,
19539,
25442,
27282,
50446,
980,
39483,
47121,
25397,
7878,
21153,
51113,
20420,
53420,
1938,
43822,
25547,
22768,
18898,
35477,
10083,
37663,
44896,
16970,
34761,
34996,
31664,
52521,
20424,
19873,
47223,
48823,
19920,
25999,
25015,
41352,
8976,
44643,
42057,
42451,
28978,
53447,
641,
36150,
40622,
29441,
11446,
20233,
20790,
45590,
37181,
17079,
47616,
37334,
20292,
49832,
36020,
40239,
50045,
15099,
6626,
33955,
46089,
34709,
53571,
22282,
35034,
17417,
50985,
24024,
23325,
45887,
28376,
50825,
37712,
17314,
46425,
5498,
30898,
49659,
21693,
20827,
25962,
29825,
51402,
16942,
28736,
33150,
35861,
33163,
17061,
30666,
2153,
19525,
4380,
21492,
33810,
49966,
27340,
26510,
10983,
48385,
25230,
39440,
836,
38908,
30685,
3958,
30181,
17086,
33276,
7262,
27896,
51457,
8469,
44601,
48274,
25464,
45861,
17664,
44118,
41473,
29275,
44538,
675,
12318,
38632,
47459,
7023,
45610,
47279,
7985,
32710,
1124,
34543,
24147,
51570,
17452,
3854,
35280,
53294,
12724,
52662,
15996,
50958,
34049,
30674,
6136,
39669,
48849,
29284,
42226,
29920,
30187,
30368,
49062,
11712,
52644,
37955,
35730,
12860,
52358,
30985,
43116,
39779,
9874,
33660,
669,
21553,
21368,
31793,
22465,
28044,
24092,
8169,
45184,
8198,
26857,
34326,
44478,
35050,
36473,
12818,
35516,
16720,
100,
34587,
34072,
16229,
32330,
16538,
37186,
21940,
37207,
37076,
48097,
42696,
9484,
28629,
34432,
4124,
23794,
42542,
19428,
45520,
37618,
45700,
16227,
53894,
19529,
18858,
9811,
12203,
42436,
15563,
17195,
50007,
40122,
35304,
44418,
20607,
53324,
5797,
10476,
358,
29298,
8404,
47211,
5357,
39729,
14340,
19942,
30993,
4258,
4735,
46009,
7389,
34090,
11682,
44327,
36149,
15522,
35467,
13020,
3301,
14613,
3516,
38168,
17610,
6052,
24670,
34255,
32137,
22703,
38641,
39132,
13758,
27268,
37912,
46027,
11769,
6841,
16512,
3743,
159,
26131,
32990,
11749,
41828,
24080,
23594,
21471,
5096,
53905,
2004,
12477,
1597,
38170,
17959,
31002,
4312,
14991,
38853,
17092,
14361,
38737,
41620,
39809,
3423,
8715,
30805,
43265,
9194,
2097,
46667,
787,
45091,
28074,
30850,
2629,
2197,
28164,
22106,
29637,
44202,
5564,
13364,
3166,
16087,
12634,
39378,
52815,
7861,
14416,
37769,
15949,
52291,
37931,
14169,
45351,
24558,
32164,
25178,
6721,
44647,
3659,
47926,
39660,
22197,
53472,
43709,
1272,
46204,
36537,
38960,
35628,
45594,
50888,
52349,
5910,
22400,
36687,
27835,
53236,
43668,
25824,
46477,
3343,
39053,
45702,
38088,
22430,
560,
6816,
47283,
42598,
14650,
36080,
17726,
14135,
24209,
6695,
47744,
14994,
7903,
32105,
6660,
43565,
28346,
40397,
38192,
26701,
48396,
1127,
39713,
9208,
50593,
27596,
49892,
598,
11642,
1047,
21744,
53872,
36093,
46490,
49848,
12569,
43831,
13133,
13721,
51983,
7660,
33938,
36581,
34738,
10755,
13642,
37405,
26195,
50105,
21544,
29485,
36702,
15647,
11153,
6129,
5836,
22900,
47344,
39120,
22374,
27076,
45638,
51902,
6589,
52267,
13229,
29031,
21903,
49709,
37695,
50516,
27866,
7208,
45556,
40266,
34057,
48688,
39456,
34965,
5291,
11904,
10639,
29300,
9862,
25748,
5988,
30272,
9257,
16949,
50969,
16715,
11934,
2297,
1177,
53839,
39999,
16135,
838,
33767,
28469,
37386,
35701,
40427,
10949,
12829,
53016,
29601,
4311,
14139,
28851,
19181,
46742,
5298,
24713,
7965,
1153,
27998,
42079,
5114,
52269,
12272,
41245,
53853,
37103,
49356,
48651,
6892,
25832,
37318,
3681,
9750,
44092,
19122,
37315,
13684,
19380,
22745,
40309,
34977,
23584,
52516,
51357,
16865,
50861,
35873,
32046,
34204,
48146,
23964,
53061,
14146,
25521,
32421,
3411,
26994,
23837,
30344,
39338,
36531,
11589,
27063,
18504,
18866,
44403,
24453,
13742,
39025,
47914,
12996,
38795,
31723,
42396,
34251,
3787,
20265,
49518,
26967,
30053,
45719,
20385,
49863,
27006,
41049,
41042,
28654,
17595,
21857,
43955,
51950,
5455,
1612,
44670,
13936,
53730,
2488,
23525,
30863,
51477,
48641,
19037,
53830,
38482,
2933,
32810,
7552,
51625,
28943,
53567,
13965,
26091,
29969,
52566,
20135,
36060,
2222,
16721,
4815,
40520,
47846,
34435,
2337,
33833,
3402,
8034,
39655,
35676,
37633,
9567,
50167,
12528,
19699,
32600,
22155,
33858,
38246,
47810,
43721,
45948,
8427,
25044,
7963,
13409,
40139,
26312,
5495,
15919,
38886,
42715,
9579,
41879,
45294,
23227,
27429,
4309,
45539,
10170,
39398,
48768,
11402,
53071,
3856,
20640,
50431,
50094,
38514,
32389,
33428,
2124,
43162,
45058,
30343,
38657,
47546,
24154,
2139,
49196,
42921,
26876,
37813,
25764,
5290,
9501,
43163,
12173,
41472,
52897,
9996,
29365,
31926,
1060,
31594,
32461,
2390,
43547,
46893,
1305,
50320,
35670,
14617,
4932,
288,
545,
41054,
5134,
27961,
20352,
29383,
6327,
42320,
56,
1032,
45116,
24619,
2018,
3693,
37685,
45220,
5630,
34676,
42425,
8449,
48496,
25038,
22750,
713,
39946,
10620,
2273,
43784,
15877,
1114,
51564,
52369,
2888,
39207,
4674,
17394,
40383,
2989,
80,
33206,
12959,
11929,
45531,
4481,
48951,
17255,
47180,
7742,
3506,
41878,
32605,
51990,
31672,
21719,
19209,
9325,
4106,
37350,
49678,
19002,
25514,
10402,
8500,
1637,
6109,
25732,
2311,
45453,
35698,
45741,
27630,
39651,
24998,
36763,
5158,
24528,
13989,
33520,
39598,
52330,
10501,
19969,
30532,
36332,
25148,
36847,
32289,
1556,
4643,
34444,
23022,
26103,
16807,
46394,
24640,
31635,
18672,
49111,
20293,
27969,
13733,
17444,
45457,
12744,
40651,
17535,
37538,
34875,
33509,
10140,
17297,
35192,
2119,
50078,
14987,
24336,
3095,
44017,
1171,
9684,
37151,
30828,
51200,
26317,
53189,
37730,
41194,
43510,
37068,
48884,
39519,
22315,
21618,
27751,
33539,
1267,
42427,
6508,
9599,
47355,
52922,
72,
44853,
50451,
6495,
39945,
26457,
45416,
6466,
30812,
34479,
11908,
32639,
20509,
39172,
19787,
26353,
42200,
36159,
35855,
52976,
23023,
22172,
22873,
24333,
50174,
27262,
41980,
39839,
19998,
23710,
3753,
51944,
52539,
19042,
38898,
40416,
52066,
33695,
47161,
28437,
2070,
30402,
17024,
3070,
37892,
7993,
26969,
47823,
5895,
30973,
18539,
5889,
3841,
42923,
45394,
31586,
13693,
38305,
11442,
43333,
50547,
24118,
28060,
33266,
48580,
1222,
12020,
1483,
12137,
49913,
25636,
8680,
7463,
28355,
33497,
41308,
8014,
1470,
16461,
18607,
47984,
12226,
1472,
50950,
46726,
15366,
28889,
25213,
51644,
24048,
36737,
1191,
11729,
21169,
9077,
4940,
7322,
31625,
1734,
47346,
10641,
12542,
35138,
43798,
47506,
18815,
9658,
20475,
50565,
2411,
27184,
30512,
19328,
39815,
53487,
7024,
16238,
16552,
15622,
28484,
2540,
37632,
17132,
29076,
6872,
29677,
51340,
30485,
7924,
21383,
34690,
9989,
18072,
25566,
22975,
18064,
52360,
11664,
35417,
51764,
29409,
30438,
31268,
45670,
20709,
14018,
37799,
19004,
12330,
27232,
9799,
12988,
53569,
7828,
15947,
44533,
27175,
1607,
14065,
2787,
12059,
38846,
46168,
5496,
35844,
28549,
53861,
47828,
17801,
10452,
39300,
14419,
45749,
39871,
26538,
8466,
33078,
3546,
52570,
45063,
25793,
21782,
7954,
45462,
27445,
48670,
38263,
34576,
53146,
35455,
11723,
43478,
28746,
50520,
53282,
26736,
20296,
8645,
29584,
47149,
30970,
29570,
34570,
36733,
28367,
22508,
37836,
12756,
39636,
27568,
11674,
48395,
11105,
19322,
51481,
34680,
27762,
36755,
48560,
32183,
23581,
29189,
37898,
24484,
24250,
51031,
17019,
16197,
46322,
51442,
911,
34091,
12195,
33971,
33212,
12779,
8246,
39582,
26325,
36875,
52240,
4197,
14440,
16178,
13786,
32653,
16612,
35349,
41600,
15875,
17677,
1340,
52320,
26306,
35330,
1664,
18413,
41044,
22623,
44604,
7058,
7218,
21873,
16907,
13877,
34835,
2272,
21360,
1052,
29827,
17219,
22231,
47185,
6118,
42107,
10883,
11113,
12463,
18592,
25008,
24873,
8747,
30841,
36634,
18514,
30739,
32629,
17409,
34590,
15889,
33947,
16692,
29537,
22347,
11974,
29412,
52448,
38894,
11952,
20271,
40117,
32269,
48978,
49132,
53066,
21127,
30716,
9759,
23957,
27902,
22809,
47489,
20683,
12015,
489,
18759,
36658,
34677,
41039,
19192,
40207,
42661,
49179,
44422,
27925,
20995,
5520,
15108,
10642,
52974,
48658,
16399,
37515,
40261,
41335,
50358,
4224,
9090,
6159,
46363,
44191,
6714,
21367,
11107,
44633,
16984,
24261,
43229,
29267,
53602,
25527,
38712,
26849,
30746,
24102,
46554,
33718,
3224,
34169,
5092,
48739,
14204,
11672,
50499,
20359,
2564,
21459,
44614,
29536,
53240,
13037,
32236,
10990,
31670,
24398,
23516,
5183,
28607,
53653,
36976,
39268,
26533,
36305,
45609,
50615,
23182,
35572,
9831,
26645,
49316,
23418,
47365,
24115,
23428,
17903,
43147,
51332,
21922,
17215,
38004,
28417,
26213,
27203,
31688,
12008,
10901,
52608,
33469,
17972,
26870,
37792,
13660,
20459,
22544,
23853,
37914,
38637,
34168,
18617,
19367,
12617,
43227,
20094,
31333,
41849,
17659,
32032,
5040,
37911,
32107,
22301,
40865,
870,
47206,
50162,
1297,
24284,
47565,
21122,
17570,
35374,
31447,
16338,
36975,
13359,
4659,
50026,
10503,
1876,
1944,
18360,
48776,
36707,
27510,
2192,
25131,
4787,
33723,
6186,
12095,
14352,
855,
21600,
34452,
36664,
51666,
36695,
25059,
51813,
48006,
44325,
24548,
52790,
588,
6170,
26377,
34930,
5807,
37625,
45454,
35469,
6252,
31620,
8749,
30624,
45013,
12650,
16334,
43368,
30140,
27029,
5093,
43752,
38251,
47632,
6786,
32900,
9113,
3324,
2000,
10627,
47597,
40010,
15888,
12853,
8057,
27732,
9099,
40935,
17617,
3503,
37278,
46953,
27042,
46984,
52175,
41677,
35424,
29054,
3114,
13155,
28006,
18033,
17261,
17973,
36949,
39529,
11821,
14379,
36177,
7466,
26475,
47163,
28671,
43592,
40377,
47579,
4794,
52830,
21690,
7613,
14021,
51153,
29927,
42824,
37696,
2741,
31318,
33787,
41182,
6810,
19993,
9316,
51939,
23315,
31763,
3287,
32973,
41823,
51766,
4221,
16910,
11918,
31150,
1750,
53793,
33031,
27388,
9668,
24596,
16727,
30925,
19595,
32017,
11508,
17280,
45183,
48583,
17064,
37561,
29329,
802,
42647,
13293,
31220,
42479,
632,
31892,
31784,
20563,
30012,
19491,
1878,
19039,
20481,
2471,
37607,
46154,
32383,
21168,
19131,
15331,
23356,
53918,
21878,
49551,
41201,
43369,
52900,
18097,
26334,
47103,
3408,
18731,
34704,
41228,
19907,
37275,
12156,
17764,
33816,
45768,
25111,
45814,
2668,
25916,
51535,
27082,
374,
14425,
33768,
2902,
31146,
24006,
14252,
10669,
44182,
47781,
17926,
53615,
4653,
22393,
26456,
6334,
13001,
52875,
51222,
48400,
7099,
43259,
42009,
30467,
27807,
21069,
34138,
16564,
4356,
51765,
28279,
33046,
36669,
23589,
34586,
487,
16733,
16173,
36736,
41835,
37423,
27561,
37635,
14304,
20132,
36395,
49898,
46572,
31168,
37422,
36607,
7492,
40501,
38391,
2063,
24483,
44067,
49671,
34777,
13697,
45132,
9923,
293,
41838,
45200,
16012,
20063,
52372,
26147,
45829,
3072,
34801,
19245,
39374,
12160,
20711,
18618,
9187,
44788,
7960,
24835,
12761,
36889,
11282,
27424,
183,
5821,
22677,
21509,
37170,
25857,
48649,
31027,
11012,
16681,
24693,
33546,
51487,
12380,
25163,
4612,
38367,
18170,
50879,
25081,
21576,
16655,
20861,
1618,
29122,
39611,
44024,
36106,
10572,
31923,
28466,
52404,
19275,
32245,
41538,
37000,
7202,
16431,
37505,
29489,
52637,
36980,
30927,
3390,
44718,
10959,
15640,
15429,
53121,
14683,
12245,
20465,
14953,
17640,
49187,
895,
4474,
10618,
22077,
16828,
16268,
42328,
39314,
27341,
33196,
42042,
17499,
30017,
27915,
18987,
17276,
36797,
26255,
4425,
10165,
2972,
31583,
8682,
23391,
6500,
43248,
51154,
40927,
27436,
52178,
18999,
10757,
41833,
42527,
19069,
31057,
41153,
24688,
15663,
37548,
52503,
4658,
17140,
43673,
19093,
39801,
34471,
4182,
19966,
27649,
16054,
4461,
49459,
18227,
12919,
16462,
44492,
18069,
51450,
44580,
6276,
29471,
27043,
1246,
1640,
922,
50844,
3590,
49060,
42907,
53510,
21333,
17605,
39802,
518,
9657,
24183,
48916,
35412,
51005,
9685,
332,
10137,
53684,
21751,
21542,
50115,
34852,
45155,
2976,
17766,
53290,
40314,
35710,
35615,
24506,
53160,
53550,
12851,
7432,
10225,
20450,
39106,
46144,
3171,
5559,
39064,
27202,
47601,
7068,
38970,
52957,
50367,
9435,
13885,
47400,
51296,
36476,
19451,
14740,
38635,
13775,
21602,
32902,
50976,
9793,
14712,
29407,
5482,
36289,
17894,
20492,
52104,
17933,
26823,
4935,
42388,
50470,
14010,
52888,
35403,
51921,
36378,
49123,
10391,
16234,
8070,
52655,
7543,
4723,
2030,
11581,
30457,
25332,
31820,
20920,
39058,
51673,
20441,
3904,
20752,
3464,
45967,
4068,
33773,
26410,
48710,
15801,
29772,
19017,
32268,
343,
53508,
38918,
20725,
50410,
914,
8708,
37349,
51014,
8853,
28863,
36861,
32306,
51379,
29002,
18633,
53193,
1289,
19240,
51853,
53788,
23292,
20306,
38774,
41418,
45511,
46821,
25728,
22690,
15518,
8122,
37495,
38207,
45989,
39282,
52479,
25093,
41171,
36632,
43812,
36372,
29913,
38386,
9327,
3472,
39149,
18638,
5494,
47901,
20211,
40279,
46008,
23651,
46850,
53651,
783,
37773,
12918,
25462,
50570,
10197,
7421,
26585,
47452,
12158,
7882,
29378,
33004,
39697,
13163,
26632,
3187,
5266,
9974,
33440,
31944,
43605,
38228,
25593,
41542,
13866,
31584,
7739,
47186,
36520,
28270,
36529,
36891,
1415,
34310,
20497,
24834,
33129,
6883,
17670,
15118,
29494,
32434,
49702,
44357,
31734,
31341,
15626,
21951,
2637,
812,
15920,
26174,
51035,
36003,
19612,
40998,
28731,
22547,
11677,
43487,
15208,
26707,
17507,
9367,
11359,
47501,
53067,
31521,
2604,
38512,
48862,
22103,
30804,
28596,
14150,
46247,
9363,
5107,
15332,
35719,
38377,
8535,
41326,
9642,
52722,
50502,
39448,
40809,
35814,
36946,
20871,
6924,
18955,
16527,
18733,
14876,
4870,
21148,
3374,
22415,
7998,
46668,
6339,
39784,
3885,
38704,
23041,
13800,
46930,
17425,
18536,
53578,
15397,
8776,
11727,
40925,
32661,
33555,
22842,
9932,
25906,
41556,
51715,
20333,
20358,
21870,
8543,
2875,
32771,
32664,
18632,
33707,
4677,
44234,
15768,
52331,
51101,
46519,
44848,
29152,
4651,
15060,
39045,
35435,
15226,
38047,
53257,
12531,
46876,
15236,
44093,
31964,
6557,
42145,
15974,
34981,
15393,
43230,
25383,
34731,
24454,
25969,
17721,
34745,
23247,
47251,
25271,
20650,
33949,
40051,
23352,
28126,
35796,
29748,
39512,
35583,
10552,
2732,
38920,
48299,
20648,
8761,
17401,
45483,
31661,
30400,
568,
37815,
5217,
10149,
9965,
13810,
24581,
15649,
37312,
46191,
51183,
24429,
26276,
30382,
28566,
16983,
103,
28208,
45333,
50716,
6916,
530,
38318,
48655,
10496,
31336,
9141,
14286,
9998,
22733,
47947,
18431,
20487,
20906,
2585,
9698,
47213,
6559,
5960,
22386,
41943,
35238,
18519,
2282,
33452,
23195,
45311,
18399,
4845,
10753,
20900,
25737,
47960,
26158,
18805,
32054,
45159,
35947,
40922,
4891,
8964,
46546,
26899,
18339,
36207,
46974,
21523,
39252,
48958,
22957,
26051,
43567,
46570,
35311,
4666,
10647,
25387,
36429,
26249,
17142,
25499,
39171,
20269,
3359,
22427,
14540,
28869,
42432,
53606,
36710,
32537,
35912,
32844,
48393,
10080,
10832,
14572,
21237,
16480,
43533,
17921,
13726,
22381,
28412,
15271,
37639,
40419,
30649,
20387,
15129,
6523,
26673,
14791,
36597,
48603,
20073,
7025,
28600,
18830,
32235,
29791,
40859,
18961,
21162,
21641,
26545,
16819,
18542,
27748,
49215,
50281,
27145,
21060,
42980,
40864,
46481,
20150,
13947,
11374,
46846,
42124,
25545,
38376,
17334,
34924,
52037,
13624,
47765,
25446,
26861,
23851,
27850,
11172,
39136,
25484,
9297,
18674,
4053,
31471,
46544,
27236,
24769,
52073,
5156,
47614,
32666,
44130,
15596,
22727,
12916,
15234,
33914,
26062,
10110,
21686,
45558,
38446,
11835,
22853,
33065,
25691,
12120,
21359,
31169,
52000,
4661,
33827,
5384,
41664,
33182,
18412,
52162,
44501,
13499,
3240,
6588,
20769,
34870,
30252,
43796,
10929,
15160,
11951,
9851,
43129,
51242,
35159,
14624,
25433,
6184,
43096,
22316,
44878,
26099,
43993,
25379,
3523,
1645,
51435,
42233,
51016,
43988,
12294,
9414,
5896,
3321,
51507,
18047,
